evaluation_set,group,fold,model,n,mae,rmse,wape
overall,all,all,baseline_lag1,670,806.8432835820895,1092.7163585755031,0.16352835371746924
overall,all,all,baseline_lag168,671,481.71982116244413,722.2703916324634,0.09760936564813713
overall,all,all,baseline_lag24,671,1008.5081967213115,1622.3815501255492,0.20435083010569813
overall,all,all,hist_gradient_boosting_24h,671,439.08858018007857,662.134717467474,0.08897113195652755
overall,all,all,hist_gradient_boosting_lag1,670,333.1013037121059,523.1053466647779,0.06751188108717941
by_fold,all,1,baseline_lag1,168,857.0714285714286,1165.2483385425573,0.176609766598102
by_fold,all,1,baseline_lag168,168,406.38690476190476,656.884924146862,0.08374085753640734
by_fold,all,1,baseline_lag24,168,954.4642857142857,1611.9621177458293,0.19667872374090659
by_fold,all,1,hist_gradient_boosting_24h,168,449.69627000617106,682.8518827662813,0.09266526760576524
by_fold,all,1,hist_gradient_boosting_lag1,168,384.119443840093,630.032937864991,0.0791523822413103
by_fold,all,2,baseline_lag1,168,722.3630952380952,959.1234186187183,0.15259023805721772
by_fold,all,2,baseline_lag168,168,572.577380952381,821.9959339778942,0.12094986502169586
by_fold,all,2,baseline_lag24,168,979.9285714285714,1533.1932596475147,0.2069977480564256
by_fold,all,2,hist_gradient_boosting_24h,168,457.51367151117466,674.6239681216022,0.09664408454769045
by_fold,all,2,hist_gradient_boosting_lag1,168,323.1840320881421,492.40079131859915,0.068268615489509
by_fold,all,3,baseline_lag1,166,865.9939759036145,1141.1565972810533,0.169002642815492
by_fold,all,3,baseline_lag168,167,529.5988023952095,814.6245930150342,0.10327818888617714
by_fold,all,3,baseline_lag24,167,1077.2874251497005,1730.8693343792913,0.21008411211679243
by_fold,all,3,hist_gradient_boosting_24h,167,463.4312208212083,695.5792455676327,0.09037470806817925
by_fold,all,3,hist_gradient_boosting_lag1,166,318.5916272720988,479.2895176658433,0.06217459761390487
by_fold,all,4,baseline_lag1,168,782.6488095238095,1094.2781024384024,0.15568701327457204
by_fold,all,4,baseline_lag168,168,418.6011904761905,562.8095603225626,0.08326949240243586
by_fold,all,4,baseline_lag24,168,1022.7619047619048,1607.9928112253428,0.2034510808753095
by_fold,all,4,hist_gradient_boosting_24h,168,385.8580550522435,590.5295450720658,0.07675612280758431
by_fold,all,4,hist_gradient_boosting_lag1,168,306.33737740475624,474.252532721662,0.060937614370779894
by_hour,0,all,baseline_lag1,28,1518.2857142857142,1738.978784886611,0.4123095425140873
by_hour,0,all,baseline_lag168,28,397.0357142857143,583.3143296224233,0.10782003161763992
by_hour,0,all,baseline_lag24,28,2087.6071428571427,3069.2221850867313,0.5669159222943156
by_hour,0,all,hist_gradient_boosting_24h,28,506.4538500055075,717.5266174522479,0.13753389973672214
by_hour,0,all,hist_gradient_boosting_lag1,28,415.25011686442406,581.7405393620446,0.11276638125640231
by_hour,1,all,baseline_lag1,28,1266.857142857143,1371.2302088687682,0.5244621867376359
by_hour,1,all,baseline_lag168,28,277.92857142857144,464.9125877901289,0.11505877134619649
by_hour,1,all,baseline_lag24,28,1743.2857142857142,2714.3190674642506,0.7216973460486434
by_hour,1,all,hist_gradient_boosting_24h,28,328.44712683422176,505.2628311185156,0.13597278851716138
by_hour,1,all,hist_gradient_boosting_lag1,28,207.13240863249987,316.10006595326587,0.0857500915459451
by_hour,2,all,baseline_lag1,27,752.7777777777778,972.399228331275,0.5076427393975723
by_hour,2,all,baseline_lag168,27,199.5185185185185,304.6917689634462,0.1345471801788301
by_hour,2,all,baseline_lag24,27,1277.4814814814815,2039.3411426968996,0.8614815924871372
by_hour,2,all,hist_gradient_boosting_24h,27,215.32193904078636,301.8779074611712,0.14520436470606005
by_hour,2,all,hist_gradient_boosting_lag1,27,138.95608926463322,233.5069713695517,0.09370633923135763
by_hour,3,all,baseline_lag1,27,499.7037037037037,790.87124953012,0.5082498304829353
by_hour,3,all,baseline_lag168,28,226.42857142857142,549.1952554159847,0.19631521907416008
by_hour,3,all,baseline_lag24,28,904.7142857142857,1389.9035423880525,0.7843938690199721
by_hour,3,all,hist_gradient_boosting_24h,28,230.51763483830464,564.3308217832027,0.1998604668051565
by_hour,3,all,hist_gradient_boosting_lag1,27,112.11059703495178,191.38769369811263,0.11402795599878318
by_hour,4,all,baseline_lag1,28,428.64285714285717,708.6275467408814,0.4955204161677883
by_hour,4,all,baseline_lag168,28,157.0,319.36331751068184,0.181495396556707
by_hour,4,all,baseline_lag24,28,516.2857142857143,754.1274522822481,0.5968374551009454
by_hour,4,all,hist_gradient_boosting_24h,28,191.63634937653615,340.839068133366,0.22153576576289222
by_hour,4,all,hist_gradient_boosting_lag1,28,95.80663668839425,121.28212140441165,0.1107545447039775
by_hour,5,all,baseline_lag1,28,592.3214285714286,671.3664370946337,0.6621287128712872
by_hour,5,all,baseline_lag168,28,155.75,225.40352703540378,0.17410571702331523
by_hour,5,all,baseline_lag24,28,171.78571428571428,250.30638368664455,0.19203129990418397
by_hour,5,all,hist_gradient_boosting_24h,28,146.42408146613298,208.0853555802572,0.16368070428983245
by_hour,5,all,hist_gradient_boosting_lag1,28,118.51326527210823,147.31572143425203,0.1324804945552152
by_hour,6,all,baseline_lag1,28,854.6785714285714,958.3850441535192,0.4967926760914243
by_hour,6,all,baseline_lag168,28,199.89285714285714,290.56822410088625,0.11619023894044135
by_hour,6,all,baseline_lag24,28,425.7142857142857,564.1993695241325,0.24745178634448112
by_hour,6,all,hist_gradient_boosting_24h,28,238.76475520553663,320.00224589626174,0.13878501890670789
by_hour,6,all,hist_gradient_boosting_lag1,28,152.36281157004876,206.32681944974752,0.08856280176789698
by_hour,7,all,baseline_lag1,28,1615.892857142857,1857.6053229128856,0.4843388712854329
by_hour,7,all,baseline_lag168,28,382.32142857142856,664.6286557168597,0.11459493020467586
by_hour,7,all,baseline_lag24,28,932.75,1410.1105199846672,0.2795773743255973
by_hour,7,all,hist_gradient_boosting_24h,28,409.09910363540484,625.7898067922955,0.12262112380953301
by_hour,7,all,hist_gradient_boosting_lag1,28,301.6972343530575,375.4837404016925,0.09042907598147652
by_hour,8,all,baseline_lag1,28,1339.357142857143,1415.5183301028437,0.28645411631708395
by_hour,8,all,baseline_lag168,28,467.07142857142856,774.7119741278967,0.09989459050703493
by_hour,8,all,baseline_lag24,28,1195.9642857142858,1719.3837870419907,0.25578606455949526
by_hour,8,all,hist_gradient_boosting_24h,28,447.69600352167134,598.5957160086281,0.09575068438722557
by_hour,8,all,hist_gradient_boosting_lag1,28,205.4762321101231,296.99794267771904,0.04394609220339026
by_hour,9,all,baseline_lag1,28,585.2857142857143,733.2148389114885,0.11850459179984091
by_hour,9,all,baseline_lag168,28,308.42857142857144,475.38953952071165,0.06244847783643069
by_hour,9,all,baseline_lag24,28,800.25,1054.105121485925,0.16202906934702438
by_hour,9,all,hist_gradient_boosting_24h,28,301.2608962214186,419.0161806469716,0.06099721667654726
by_hour,9,all,hist_gradient_boosting_lag1,28,135.2953696855473,167.66531623493145,0.027393668025130703
by_hour,10,all,baseline_lag1,28,644.2857142857143,741.4784458865178,0.12835289932408395
by_hour,10,all,baseline_lag168,28,286.67857142857144,347.5874504556885,0.05711134827463536
by_hour,10,all,baseline_lag24,28,414.92857142857144,543.3304703401053,0.08266097474208467
by_hour,10,all,hist_gradient_boosting_24h,28,215.36268248371218,274.95458163462564,0.042903985126602213
by_hour,10,all,hist_gradient_boosting_lag1,28,199.16983270753107,258.04044990344346,0.03967808833732387
by_hour,11,all,baseline_lag1,28,395.17857142857144,501.50861693209504,0.07345667947926417
by_hour,11,all,baseline_lag168,28,250.46428571428572,315.16248643698515,0.046556863369912306
by_hour,11,all,baseline_lag24,28,362.35714285714283,432.1098570634886,0.0673557586982932
by_hour,11,all,hist_gradient_boosting_24h,28,214.70683026139795,285.6174578025572,0.039910187324949664
by_hour,11,all,hist_gradient_boosting_lag1,28,168.80548711003252,202.68011809974757,0.03137794267578094
by_hour,12,all,baseline_lag1,28,445.7857142857143,489.0293593289817,0.07652269870949943
by_hour,12,all,baseline_lag168,28,317.89285714285717,448.91022806029144,0.05456886245900132
by_hour,12,all,baseline_lag24,28,451.10714285714283,603.0496011345762,0.07743616466909849
by_hour,12,all,hist_gradient_boosting_24h,28,226.50569379601166,302.0149270704105,0.03888152178701117
by_hour,12,all,hist_gradient_boosting_lag1,28,186.4344696226633,259.19913193351283,0.03200297427848189
by_hour,13,all,baseline_lag1,28,252.10714285714286,313.7469977090276,0.04181327078224402
by_hour,13,all,baseline_lag168,28,390.5357142857143,520.1182901170519,0.06477236379144898
by_hour,13,all,baseline_lag24,28,554.5357142857143,723.1066657139871,0.09197261020483112
by_hour,13,all,hist_gradient_boosting_24h,28,274.43048906307286,362.1952880492412,0.045515712962564354
by_hour,13,all,hist_gradient_boosting_lag1,28,259.42552816308296,331.0936813958141,0.043027062755839424
by_hour,14,all,baseline_lag1,28,440.2142857142857,498.8488892297088,0.06823138665928591
by_hour,14,all,baseline_lag168,28,426.85714285714283,505.96619028773625,0.06616108497093828
by_hour,14,all,baseline_lag24,28,445.0,569.7079452290822,0.06897315250484362
by_hour,14,all,hist_gradient_boosting_24h,28,269.7181452361669,337.1461823772824,0.041805192729657756
by_hour,14,all,hist_gradient_boosting_lag1,28,245.97917197057774,310.8212403939912,0.038125750429981606
by_hour,15,all,baseline_lag1,28,420.5357142857143,582.36699891784,0.06167537018316668
by_hour,15,all,baseline_lag168,28,638.8928571428571,788.9393195930851,0.09369942226808227
by_hour,15,all,baseline_lag24,28,625.3928571428571,757.5532748828391,0.0917195250341768
by_hour,15,all,hist_gradient_boosting_24h,28,486.4044871384085,664.5815215014063,0.07133562212181835
by_hour,15,all,hist_gradient_boosting_lag1,28,403.68460853697826,522.344285615673,0.059204002949079924
by_hour,16,all,baseline_lag1,28,291.0357142857143,372.3015770658436,0.04241619820945242
by_hour,16,all,baseline_lag168,28,626.6071428571429,826.1777524064834,0.0913231313762232
by_hour,16,all,baseline_lag24,28,798.25,988.9899790045541,0.1163387466166979
by_hour,16,all,hist_gradient_boosting_24h,28,516.5478193803951,686.9668854864481,0.07528283855221249
by_hour,16,all,hist_gradient_boosting_lag1,28,417.3966489618688,559.3290461313605,0.06083232443749909
by_hour,17,all,baseline_lag1,28,893.6785714285714,1050.8936843060224,0.11563468994486985
by_hour,17,all,baseline_lag168,28,784.0,935.0913629923319,0.10144318082043652
by_hour,17,all,baseline_lag24,28,925.9285714285714,1125.7836952858345,0.11980757589060846
by_hour,17,all,hist_gradient_boosting_24h,28,740.5357928265079,991.8726604008009,0.0958192682853377
by_hour,17,all,hist_gradient_boosting_lag1,28,563.9209292473042,744.2252514349947,0.07296675101283528
by_hour,18,all,baseline_lag1,28,646.5357142857143,773.035182159999,0.07743605098810848
by_hour,18,all,baseline_lag168,28,937.5714285714286,1131.9423256382936,0.11229360937633673
by_hour,18,all,baseline_lag24,28,1016.2142857142857,1384.1242718773485,0.12171272136196425
by_hour,18,all,hist_gradient_boosting_24h,28,729.1864207532564,973.8267664018099,0.08733518599149276
by_hour,18,all,hist_gradient_boosting_lag1,28,395.9538917880538,503.3162036734229,0.04742368453274663
by_hour,19,all,baseline_lag1,28,988.8214285714286,1309.0955029004895,0.13027276020909892
by_hour,19,all,baseline_lag168,28,756.4285714285714,915.3410761646643,0.09965605017620958
by_hour,19,all,baseline_lag24,28,1327.1785714285713,1920.9333761779158,0.17484978661936376
by_hour,19,all,hist_gradient_boosting_24h,28,719.4242563327576,865.0335072081555,0.09478089867980301
by_hour,19,all,hist_gradient_boosting_lag1,28,487.58879623451077,747.7546465750548,0.06423762319175226
by_hour,20,all,baseline_lag1,28,739.1428571428571,1089.725882963234,0.09792519340414961
by_hour,20,all,baseline_lag168,28,925.3214285714286,1146.1316460162855,0.12259102415481796
by_hour,20,all,baseline_lag24,28,1688.0714285714287,2096.5433967093823,0.2236438051527124
by_hour,20,all,hist_gradient_boosting_24h,28,887.1219249504011,1121.4527606612553,0.11753017056760856
by_hour,20,all,hist_gradient_boosting_lag1,28,684.7214401487354,923.0718358896768,0.09071518287238681
by_hour,21,all,baseline_lag1,28,587.8571428571429,759.8593854880558,0.07830451226183963
by_hour,21,all,baseline_lag168,28,823.1785714285714,997.6933217606071,0.10965010347042173
by_hour,21,all,baseline_lag24,28,1699.6785714285713,2182.3487920128623,0.22640279726933232
by_hour,21,all,hist_gradient_boosting_24h,28,819.5736040859857,996.9324058739796,0.10916990991844913
by_hour,21,all,hist_gradient_boosting_lag1,28,753.9853610764497,931.4273483903194,0.10043333940743843
by_hour,22,all,baseline_lag1,28,1174.5714285714287,1318.5783740724055,0.17047215728554915
by_hour,22,all,baseline_lag168,28,904.7142857142857,1258.541474428691,0.13130627245066684
by_hour,22,all,baseline_lag24,28,1757.607142857143,2332.2625051346904,0.25509140952608034
by_hour,22,all,hist_gradient_boosting_24h,28,713.9961645674114,1014.3131000960444,0.10362627891898592
by_hour,22,all,hist_gradient_boosting_lag1,28,657.8373869211512,950.4754840346899,0.09547563967900267
by_hour,23,all,baseline_lag1,28,1977.7857142857142,2346.0714731531216,0.38356524931256364
by_hour,23,all,baseline_lag168,28,710.6785714285714,953.5338596130562,0.13782666214147682
by_hour,23,all,baseline_lag24,28,2091.714285714286,2936.9622547309464,0.4056601813308214
by_hour,23,all,hist_gradient_boosting_24h,28,700.9982075459069,880.3368492652479,0.13594928424392663
by_hour,23,all,hist_gradient_boosting_lag1,28,672.1006922285048,853.893371319388,0.1303449952720872
by_day_type,Weekday,all,baseline_lag1,480,792.85,1097.832284549876,0.16268115616780565
by_day_type,Weekday,all,baseline_lag168,480,425.51458333333335,650.5229162630117,0.0873093326391231
by_day_type,Weekday,all,baseline_lag24,480,861.0041666666667,1403.1461524018089,0.17666538853330563
by_day_type,Weekday,all,hist_gradient_boosting_24h,480,403.56492706781887,613.2325822120554,0.0828055860808084
by_day_type,Weekday,all,hist_gradient_boosting_lag1,480,288.56150901239033,451.63409085276373,0.059208576542425846
by_day_type,Weekend,all,baseline_lag1,190,842.1947368421053,1079.683942544981,0.16557913427868975
by_day_type,Weekend,all,baseline_lag168,191,622.9685863874346,877.0403914116722,0.12239483951666243
by_day_type,Weekend,all,baseline_lag24,191,1379.1989528795812,2073.417659463697,0.27097166404191914
by_day_type,Weekend,all,hist_gradient_boosting_24h,191,528.3626822423021,771.4656065167687,0.10380758695177804
by_day_type,Weekend,all,hist_gradient_boosting_lag1,190,445.6228903219136,670.5498824233845,0.087611391007901
holiday,Presidents' Day,all,baseline_lag1,24,579.9166666666666,691.1295705823426,0.15791683213252397
holiday,Presidents' Day,all,baseline_lag168,24,836.125,1182.2573218212692,0.227684801724627
holiday,Presidents' Day,all,baseline_lag24,24,1155.0416666666667,1646.295348654062,0.31452884779032164
holiday,Presidents' Day,all,hist_gradient_boosting_24h,24,615.2365685570195,876.4971703952575,0.16753477784499313
holiday,Presidents' Day,all,hist_gradient_boosting_lag1,24,246.86776098773748,343.36601648760455,0.06722444277194871
