pickup_hour,day_type,avg_daily_trips
0,Weekday,1868.67
1,Weekday,932.52
2,Weekday,535.53
3,Weekday,367.56
4,Weekday,429.69
5,Weekday,821.23
6,Weekday,1937.97
7,Weekday,4071.63
8,Weekday,5571.67
9,Weekday,5350.67
10,Weekday,5094.28
11,Weekday,5252.58
12,Weekday,5638.25
13,Weekday,5902.25
14,Weekday,6480.19
15,Weekday,6912.53
16,Weekday,6756.16
17,Weekday,7847.88
18,Weekday,8357.2
19,Weekday,7292.3
20,Weekday,7365.17
21,Weekday,7576.72
22,Weekday,6551.22
23,Weekday,4505.67
0,Weekend,7300.85
1,Weekend,5614.19
2,Weekend,3912.76
3,Weekend,2625.5
4,Weekend,1578.15
5,Weekend,769.23
6,Weekend,980.0
7,Weekend,1361.46
8,Weekend,2115.35
9,Weekend,3304.85
10,Weekend,4464.0
11,Weekend,5273.46
12,Weekend,5969.77
13,Weekend,6406.04
14,Weekend,6529.58
15,Weekend,6593.58
16,Weekend,6964.69
17,Weekend,7343.62
18,Weekend,7775.69
19,Weekend,7357.46
20,Weekend,6358.15
21,Weekend,6206.5
22,Weekend,6422.27
23,Weekend,5942.42
