fold,test_date,pickup_hour,day_of_week,baseline,time_block,day_type,ndcg_at_5,hit_rate_at_5,precision_at_5,ndcg_at_10,hit_rate_at_10,precision_at_10,ndcg_at_20,hit_rate_at_20,precision_at_20
1,2025-02-03,0,Monday,learned_ranker,Overnight,Weekday,0.9957491611602212,1.0,0.6,0.9928635125038959,1.0,0.9,0.9845393722660899,1.0,0.7
1,2025-02-03,1,Monday,learned_ranker,Overnight,Weekday,0.9845319872164386,1.0,0.8,0.9622878971069,1.0,0.7,0.9597891569674563,1.0,0.7
1,2025-02-03,2,Monday,learned_ranker,Overnight,Weekday,0.8306422964308995,1.0,0.8,0.9060861348689502,1.0,0.9,0.8830457051968101,1.0,0.7
1,2025-02-03,3,Monday,learned_ranker,Overnight,Weekday,0.8784319907816435,1.0,0.8,0.8271351290441887,1.0,0.6,0.8530575594477864,1.0,0.6
1,2025-02-03,4,Monday,learned_ranker,Overnight,Weekday,0.9240732682736287,1.0,0.6,0.9282441682126595,1.0,0.6,0.9097060719033968,1.0,0.75
1,2025-02-03,5,Monday,learned_ranker,Overnight,Weekday,0.9783264972954868,1.0,0.8,0.9681600518088634,1.0,0.7,0.9765849385936985,1.0,0.85
1,2025-02-03,6,Monday,learned_ranker,Morning,Weekday,0.9906854296645904,1.0,0.8,0.9757716672466085,1.0,0.8,0.989600196150298,1.0,0.85
1,2025-02-03,7,Monday,learned_ranker,Morning,Weekday,0.9734574121884532,1.0,0.8,0.9780456177653314,1.0,0.9,0.9873919574802766,1.0,0.9
1,2025-02-03,8,Monday,learned_ranker,Morning,Weekday,0.9855687107606366,1.0,1.0,0.9875147452038704,1.0,0.9,0.9893533377420667,1.0,0.95
1,2025-02-03,9,Monday,learned_ranker,Morning,Weekday,0.9983764418429857,1.0,1.0,0.9895383302473124,1.0,0.9,0.9973229684707768,1.0,1.0
1,2025-02-03,10,Monday,learned_ranker,Midday,Weekday,0.9987529205693935,1.0,1.0,0.9961061549696022,1.0,0.9,0.9945508409138456,1.0,0.9
1,2025-02-03,11,Monday,learned_ranker,Midday,Weekday,0.9661011253599825,1.0,1.0,0.9634469967424589,1.0,0.9,0.9716077170175854,1.0,0.9
1,2025-02-03,12,Monday,learned_ranker,Midday,Weekday,0.9995246574029502,1.0,1.0,0.981698854794882,1.0,0.7,0.9956838695112427,1.0,0.95
1,2025-02-03,13,Monday,learned_ranker,Midday,Weekday,0.995531823307699,1.0,1.0,0.9884471748560855,1.0,0.9,0.9863584097133091,1.0,0.9
1,2025-02-03,14,Monday,learned_ranker,Midday,Weekday,0.9987332280172689,1.0,1.0,0.9944336540971844,1.0,0.9,0.989916707406339,1.0,0.85
1,2025-02-03,15,Monday,learned_ranker,Midday,Weekday,0.9995118469098364,1.0,1.0,0.994120091950917,1.0,0.9,0.9960634475907508,1.0,0.95
1,2025-02-03,16,Monday,learned_ranker,Evening,Weekday,1.0,1.0,1.0,0.9938218246071758,1.0,0.9,0.9982235876764592,1.0,1.0
1,2025-02-03,17,Monday,learned_ranker,Evening,Weekday,0.9911073138374201,1.0,0.8,0.9894812221893068,1.0,0.8,0.9912450879282101,1.0,0.9
1,2025-02-03,18,Monday,learned_ranker,Evening,Weekday,0.9982765796185129,1.0,1.0,0.9890925878694357,1.0,0.9,0.9950210382431902,1.0,0.95
1,2025-02-03,19,Monday,learned_ranker,Evening,Weekday,0.9986806477772477,1.0,1.0,0.9903721785521447,1.0,0.8,0.99597125369785,1.0,0.95
1,2025-02-03,20,Monday,learned_ranker,Evening,Weekday,0.999160979020262,1.0,1.0,0.9981776448820134,1.0,0.9,0.997764193134678,1.0,0.95
1,2025-02-03,21,Monday,learned_ranker,Late evening,Weekday,0.9899862145765128,1.0,0.8,0.9919713799732234,1.0,0.9,0.9957479426040954,1.0,0.95
1,2025-02-03,22,Monday,learned_ranker,Late evening,Weekday,0.9898085080034128,1.0,0.8,0.9842069206197123,1.0,0.9,0.9927550439234728,1.0,0.9
1,2025-02-03,23,Monday,learned_ranker,Late evening,Weekday,0.9805607249468132,1.0,0.8,0.9844928366231361,1.0,0.8,0.9892857566102223,1.0,0.9
1,2025-02-04,0,Tuesday,learned_ranker,Overnight,Weekday,0.9831495547262445,1.0,0.6,0.9847926374484555,1.0,0.8,0.9772200938258463,1.0,0.9
1,2025-02-04,1,Tuesday,learned_ranker,Overnight,Weekday,0.9144387905769302,1.0,0.4,0.9399326402534647,1.0,0.9,0.934237522101437,1.0,0.8
1,2025-02-04,2,Tuesday,learned_ranker,Overnight,Weekday,0.9445745206250823,1.0,0.6,0.8966970168837729,1.0,0.6,0.9227063317837516,1.0,0.75
1,2025-02-04,3,Tuesday,learned_ranker,Overnight,Weekday,0.968314497139522,1.0,0.8,0.9230790612340984,1.0,0.6,0.9340941528500775,1.0,0.7
1,2025-02-04,4,Tuesday,learned_ranker,Overnight,Weekday,0.9150231405131368,1.0,0.8,0.8728224663998272,1.0,0.6,0.8759290804800163,1.0,0.5
1,2025-02-04,5,Tuesday,learned_ranker,Overnight,Weekday,0.9642778311925909,1.0,0.6,0.9460204542183168,1.0,0.8,0.9670430984194262,1.0,0.8
1,2025-02-04,6,Tuesday,learned_ranker,Morning,Weekday,0.993246843075252,1.0,0.8,0.9839784222553809,1.0,0.9,0.9886046941370519,1.0,0.8
1,2025-02-04,7,Tuesday,learned_ranker,Morning,Weekday,0.9860087915194531,1.0,1.0,0.9703012173704679,1.0,0.9,0.9832577711973546,1.0,0.95
1,2025-02-04,8,Tuesday,learned_ranker,Morning,Weekday,0.9069580570199457,1.0,0.8,0.961838047650424,1.0,0.9,0.9695410490603913,1.0,0.95
1,2025-02-04,9,Tuesday,learned_ranker,Morning,Weekday,0.9976419249245293,1.0,1.0,0.9976005722354068,1.0,1.0,0.9929810330328138,1.0,0.9
1,2025-02-04,10,Tuesday,learned_ranker,Midday,Weekday,0.9867802924728026,1.0,0.8,0.9980786381305252,1.0,1.0,0.9919321543571149,1.0,0.85
1,2025-02-04,11,Tuesday,learned_ranker,Midday,Weekday,0.994746610733184,1.0,1.0,0.9857044471094157,1.0,0.9,0.9890926247600306,1.0,0.95
1,2025-02-04,12,Tuesday,learned_ranker,Midday,Weekday,0.9988495345628544,1.0,1.0,0.9878245601154197,1.0,0.8,0.9978500767227279,1.0,1.0
1,2025-02-04,13,Tuesday,learned_ranker,Midday,Weekday,0.9548187991856114,1.0,1.0,0.9607362365567375,1.0,0.9,0.9704768763806096,1.0,0.95
1,2025-02-04,14,Tuesday,learned_ranker,Midday,Weekday,1.0,1.0,1.0,0.9997556387193495,1.0,1.0,0.9953235673531987,1.0,0.95
1,2025-02-04,15,Tuesday,learned_ranker,Midday,Weekday,0.9983022892824401,1.0,1.0,0.9962815924536137,1.0,0.9,0.9979713678301838,1.0,0.95
1,2025-02-04,16,Tuesday,learned_ranker,Evening,Weekday,0.9823905198316097,1.0,1.0,0.9858465465378913,1.0,1.0,0.9865990491626921,1.0,0.95
1,2025-02-04,17,Tuesday,learned_ranker,Evening,Weekday,0.9992204021000225,1.0,0.8,0.9937429962307517,1.0,0.9,0.9969377044601464,1.0,0.95
1,2025-02-04,18,Tuesday,learned_ranker,Evening,Weekday,0.9460512067498724,1.0,1.0,0.9560436252304751,1.0,1.0,0.9624042578015245,1.0,0.95
1,2025-02-04,19,Tuesday,learned_ranker,Evening,Weekday,0.9997420112847994,1.0,1.0,0.9935909772125179,1.0,0.8,0.9969375772382204,1.0,0.95
1,2025-02-04,20,Tuesday,learned_ranker,Evening,Weekday,0.9910815453152144,1.0,0.8,0.9913675774116707,1.0,0.8,0.9962762081046798,1.0,0.95
1,2025-02-04,21,Tuesday,learned_ranker,Late evening,Weekday,0.9701449267523045,1.0,0.8,0.9833422178176413,1.0,0.9,0.9877120883195029,1.0,0.95
1,2025-02-04,22,Tuesday,learned_ranker,Late evening,Weekday,0.9647096263728181,1.0,0.8,0.9618714562767702,1.0,0.8,0.9677146111782645,1.0,0.9
1,2025-02-04,23,Tuesday,learned_ranker,Late evening,Weekday,0.9582317310071322,1.0,0.8,0.955520229482982,1.0,0.7,0.9660184917498493,1.0,0.85
1,2025-02-05,0,Wednesday,learned_ranker,Overnight,Weekday,0.9555383389413539,1.0,0.8,0.9504320582383394,1.0,0.6,0.9669645425837923,1.0,0.85
1,2025-02-05,1,Wednesday,learned_ranker,Overnight,Weekday,0.9254094299087594,1.0,1.0,0.8588540161408129,1.0,0.5,0.8621408107981344,1.0,0.7
1,2025-02-05,2,Wednesday,learned_ranker,Overnight,Weekday,0.8555698027378327,1.0,0.4,0.8753330175763095,1.0,0.6,0.8917733392256835,1.0,0.7
1,2025-02-05,3,Wednesday,learned_ranker,Overnight,Weekday,0.8841064153540665,1.0,0.8,0.8583606306269683,1.0,0.5,0.8140684763577276,1.0,0.5
1,2025-02-05,4,Wednesday,learned_ranker,Overnight,Weekday,0.9115573789913439,1.0,0.6,0.8908239851419497,1.0,0.4,0.8919554159798141,1.0,0.55
1,2025-02-05,5,Wednesday,learned_ranker,Overnight,Weekday,0.9759007342166963,1.0,0.8,0.9819803378648915,1.0,0.8,0.9647532842380847,1.0,0.75
1,2025-02-05,6,Wednesday,learned_ranker,Morning,Weekday,0.9916107151009351,1.0,0.8,0.9808216650298365,1.0,0.8,0.9864340670628615,1.0,0.9
1,2025-02-05,7,Wednesday,learned_ranker,Morning,Weekday,0.9998002703330144,1.0,0.8,0.9968149691600927,1.0,0.9,0.9956509864937592,1.0,0.95
1,2025-02-05,8,Wednesday,learned_ranker,Morning,Weekday,0.951068847068032,1.0,0.8,0.9684183307971485,1.0,0.7,0.9871402052443078,1.0,0.95
1,2025-02-05,9,Wednesday,learned_ranker,Morning,Weekday,0.971507529983228,1.0,0.8,0.9756632619684784,1.0,0.9,0.9791743073717443,1.0,0.95
1,2025-02-05,10,Wednesday,learned_ranker,Midday,Weekday,0.9932813173463773,1.0,1.0,0.9806156695170041,1.0,0.9,0.9912013571203511,1.0,0.95
1,2025-02-05,11,Wednesday,learned_ranker,Midday,Weekday,0.9967396005557962,1.0,1.0,0.994188912774591,1.0,0.8,0.9902683423366782,1.0,0.9
1,2025-02-05,12,Wednesday,learned_ranker,Midday,Weekday,0.9726336220823216,1.0,1.0,0.9718968143086624,1.0,0.9,0.9793414293300614,1.0,0.95
1,2025-02-05,13,Wednesday,learned_ranker,Midday,Weekday,0.9949194007651363,1.0,1.0,0.9884190532380285,1.0,0.9,0.9908419219805318,1.0,0.95
1,2025-02-05,14,Wednesday,learned_ranker,Midday,Weekday,0.9889194493286777,1.0,1.0,0.9904016696374689,1.0,1.0,0.9872562021132172,1.0,0.85
1,2025-02-05,15,Wednesday,learned_ranker,Midday,Weekday,0.9817906660228125,1.0,1.0,0.9803336039037778,1.0,0.9,0.9816709092946796,1.0,0.95
1,2025-02-05,16,Wednesday,learned_ranker,Evening,Weekday,1.0,1.0,1.0,0.9933409961502297,1.0,0.8,0.9985709196198,1.0,0.9
1,2025-02-05,17,Wednesday,learned_ranker,Evening,Weekday,0.983887528514563,1.0,1.0,0.9806580238782537,1.0,0.9,0.9871580999429515,1.0,0.95
1,2025-02-05,18,Wednesday,learned_ranker,Evening,Weekday,0.9525450693327265,1.0,1.0,0.9621086771499527,1.0,1.0,0.9675660703802196,1.0,0.95
1,2025-02-05,19,Wednesday,learned_ranker,Evening,Weekday,0.9980420609099615,1.0,1.0,0.9961859454680967,1.0,0.9,0.9962407978663298,1.0,0.9
1,2025-02-05,20,Wednesday,learned_ranker,Evening,Weekday,1.0,1.0,1.0,0.9963793985692795,1.0,0.9,0.9978424736939359,1.0,0.95
1,2025-02-05,21,Wednesday,learned_ranker,Late evening,Weekday,0.97927277790882,1.0,1.0,0.9805096524188516,1.0,0.9,0.9814999235932151,1.0,0.9
1,2025-02-05,22,Wednesday,learned_ranker,Late evening,Weekday,0.9262014617656847,1.0,0.6,0.9614685996183922,1.0,0.7,0.985825547419631,1.0,0.95
1,2025-02-05,23,Wednesday,learned_ranker,Late evening,Weekday,0.9923941315459944,1.0,0.8,0.970698720590148,1.0,0.8,0.9879987535354353,1.0,0.9
1,2025-02-06,0,Thursday,learned_ranker,Overnight,Weekday,0.9795989594085254,1.0,0.8,0.9801014353725779,1.0,0.8,0.9813462595252302,1.0,0.85
1,2025-02-06,1,Thursday,learned_ranker,Overnight,Weekday,0.8358758444170981,1.0,0.6,0.9074306056055859,1.0,0.7,0.9331166472853317,1.0,0.9
1,2025-02-06,2,Thursday,learned_ranker,Overnight,Weekday,0.7821829831353273,1.0,0.4,0.781907284315284,1.0,0.6,0.8824052351474768,1.0,0.8
1,2025-02-06,3,Thursday,learned_ranker,Overnight,Weekday,0.8453353026351846,1.0,0.8,0.828848222848973,1.0,0.6,0.8748940784601517,1.0,0.8
1,2025-02-06,4,Thursday,learned_ranker,Overnight,Weekday,0.8772604192095051,1.0,0.6,0.8611181769954855,1.0,0.6,0.8650487770521577,1.0,0.65
1,2025-02-06,5,Thursday,learned_ranker,Overnight,Weekday,0.9796081903384054,1.0,0.8,0.9727448161927431,1.0,0.6,0.9771981246410519,1.0,0.8
1,2025-02-06,6,Thursday,learned_ranker,Morning,Weekday,0.9807687623282072,1.0,0.6,0.9832949926130476,1.0,0.8,0.9916942659083071,1.0,0.9
1,2025-02-06,7,Thursday,learned_ranker,Morning,Weekday,0.986037397650657,1.0,0.8,0.9953713157003417,1.0,0.9,0.9863234251164672,1.0,0.9
1,2025-02-06,8,Thursday,learned_ranker,Morning,Weekday,0.9635845518720597,1.0,0.6,0.9870260154044532,1.0,0.9,0.9786611614030051,1.0,0.9
1,2025-02-06,9,Thursday,learned_ranker,Morning,Weekday,0.9832105591605107,1.0,0.8,0.9882850726870874,1.0,1.0,0.9839381969279603,1.0,0.9
1,2025-02-06,10,Thursday,learned_ranker,Midday,Weekday,0.9325541914788704,1.0,0.8,0.943774033749066,1.0,0.9,0.9598597732000271,1.0,0.95
1,2025-02-06,11,Thursday,learned_ranker,Midday,Weekday,0.9428016318845953,1.0,0.8,0.9632750595031809,1.0,1.0,0.9678573312892321,1.0,0.95
1,2025-02-06,12,Thursday,learned_ranker,Midday,Weekday,0.9986375997724741,1.0,1.0,0.9970193128407607,1.0,0.9,0.9978289807222825,1.0,0.95
1,2025-02-06,13,Thursday,learned_ranker,Midday,Weekday,1.0,1.0,1.0,0.9926269918569284,1.0,0.8,0.9906003610764443,1.0,0.9
1,2025-02-06,14,Thursday,learned_ranker,Midday,Weekday,0.9976390235235637,1.0,1.0,0.9936730256795601,1.0,0.9,0.9936805716479574,1.0,0.95
1,2025-02-06,15,Thursday,learned_ranker,Midday,Weekday,0.9986842574441273,1.0,1.0,0.9959440672298395,1.0,0.9,0.996696237315517,1.0,0.95
1,2025-02-06,16,Thursday,learned_ranker,Evening,Weekday,0.985242768806019,1.0,1.0,0.9863078814476578,1.0,1.0,0.9876246673783168,1.0,0.95
1,2025-02-06,17,Thursday,learned_ranker,Evening,Weekday,0.9139116140332509,1.0,0.8,0.9496049373886233,1.0,0.9,0.9619127611479069,1.0,0.95
1,2025-02-06,18,Thursday,learned_ranker,Evening,Weekday,0.7540972690000433,1.0,0.6,0.9094426749459118,1.0,0.9,0.9274949048121144,1.0,0.95
1,2025-02-06,19,Thursday,learned_ranker,Evening,Weekday,0.97887736237905,1.0,0.8,0.9686861036744632,1.0,0.9,0.9788980035395247,1.0,0.9
1,2025-02-06,20,Thursday,learned_ranker,Evening,Weekday,0.9775716022729664,1.0,0.8,0.9794619110998416,1.0,0.8,0.9874933342048747,1.0,0.9
1,2025-02-06,21,Thursday,learned_ranker,Late evening,Weekday,0.9944457343757026,1.0,1.0,0.9817886005278952,1.0,0.8,0.9936274763502303,1.0,0.95
1,2025-02-06,22,Thursday,learned_ranker,Late evening,Weekday,0.9789849694359904,1.0,0.8,0.9903060025437361,1.0,0.9,0.9925945620972078,1.0,0.9
1,2025-02-06,23,Thursday,learned_ranker,Late evening,Weekday,0.9980139699821617,1.0,0.8,0.982124367884794,1.0,0.8,0.9886312415385955,1.0,0.85
1,2025-02-07,0,Friday,learned_ranker,Overnight,Weekday,0.9974700091217364,1.0,0.8,0.9838328820959844,1.0,0.8,0.9819848599007018,1.0,0.85
1,2025-02-07,1,Friday,learned_ranker,Overnight,Weekday,0.9829483277960279,1.0,0.8,0.9528385579522727,1.0,0.8,0.9525726189116858,1.0,0.8
1,2025-02-07,2,Friday,learned_ranker,Overnight,Weekday,0.9671962808376917,1.0,0.8,0.9240154109516796,1.0,0.7,0.9573107435973249,1.0,0.9
1,2025-02-07,3,Friday,learned_ranker,Overnight,Weekday,0.8678758351264392,1.0,0.6,0.9309660465436499,1.0,0.8,0.9082632301389563,1.0,0.75
1,2025-02-07,4,Friday,learned_ranker,Overnight,Weekday,0.859661538818128,1.0,0.8,0.8295293318313249,1.0,0.6,0.8825577838130627,1.0,0.7
1,2025-02-07,5,Friday,learned_ranker,Overnight,Weekday,0.9676746151839501,1.0,0.6,0.9709239549766403,1.0,0.8,0.9704699901892612,1.0,0.8
1,2025-02-07,6,Friday,learned_ranker,Morning,Weekday,0.9802802124181407,1.0,0.8,0.9812179730384879,1.0,0.8,0.9923919810838433,1.0,1.0
1,2025-02-07,7,Friday,learned_ranker,Morning,Weekday,0.990394202801158,1.0,0.8,0.996698710055303,1.0,0.9,0.9872522530125335,1.0,0.9
1,2025-02-07,8,Friday,learned_ranker,Morning,Weekday,0.9949391334641615,1.0,1.0,0.9939233270864608,1.0,0.9,0.9918706459436694,1.0,0.95
1,2025-02-07,9,Friday,learned_ranker,Morning,Weekday,0.9875383263846641,1.0,0.8,0.9942714037513168,1.0,1.0,0.9897139816900233,1.0,0.95
1,2025-02-07,10,Friday,learned_ranker,Midday,Weekday,0.9956195631131814,1.0,0.8,0.9952564390980537,1.0,0.9,0.9936753707530228,1.0,0.9
1,2025-02-07,11,Friday,learned_ranker,Midday,Weekday,0.9784643221481135,1.0,1.0,0.9829914861733301,1.0,1.0,0.9826899666665105,1.0,0.95
1,2025-02-07,12,Friday,learned_ranker,Midday,Weekday,0.9985395650507886,1.0,1.0,0.9915468779566157,1.0,0.8,0.9963106388497514,1.0,0.95
1,2025-02-07,13,Friday,learned_ranker,Midday,Weekday,0.9904347508511672,1.0,1.0,0.9896382369230718,1.0,0.9,0.9931593397007675,1.0,1.0
1,2025-02-07,14,Friday,learned_ranker,Midday,Weekday,0.9995750883790347,1.0,1.0,0.9909618712955381,1.0,0.8,0.998470885271274,1.0,1.0
1,2025-02-07,15,Friday,learned_ranker,Midday,Weekday,0.9743274585879199,1.0,1.0,0.9640599862096308,1.0,0.8,0.9780177507316602,1.0,1.0
1,2025-02-07,16,Friday,learned_ranker,Evening,Weekday,0.9989331948545843,1.0,1.0,0.9959690181621046,1.0,0.9,0.9971347063981363,1.0,0.95
1,2025-02-07,17,Friday,learned_ranker,Evening,Weekday,0.9019698484618798,1.0,0.8,0.9620516992264175,1.0,1.0,0.965759528945581,1.0,0.95
1,2025-02-07,18,Friday,learned_ranker,Evening,Weekday,0.9734985190389633,1.0,0.8,0.9820889743494398,1.0,0.8,0.9890628362198561,1.0,0.95
1,2025-02-07,19,Friday,learned_ranker,Evening,Weekday,0.984037497513967,1.0,0.8,0.9976428031092187,1.0,1.0,0.9954137082946014,1.0,0.95
1,2025-02-07,20,Friday,learned_ranker,Evening,Weekday,0.9910272240774778,1.0,0.8,0.9924697831618811,1.0,0.9,0.9927163638444557,1.0,0.9
1,2025-02-07,21,Friday,learned_ranker,Late evening,Weekday,0.953961597374697,1.0,0.8,0.988599254192321,1.0,0.9,0.9903755004293125,1.0,1.0
1,2025-02-07,22,Friday,learned_ranker,Late evening,Weekday,0.9596220299978404,1.0,0.8,0.966351102078469,1.0,0.8,0.9858855829166903,1.0,0.95
1,2025-02-07,23,Friday,learned_ranker,Late evening,Weekday,0.9755667564356303,1.0,0.6,0.988281150293894,1.0,0.9,0.9807686200376773,1.0,0.85
1,2025-02-08,0,Saturday,learned_ranker,Overnight,Weekend,0.9469540079116202,1.0,0.8,0.9599348031610756,1.0,0.8,0.9810710576987397,1.0,0.95
1,2025-02-08,1,Saturday,learned_ranker,Overnight,Weekend,0.9982448823904254,1.0,1.0,0.996224475771804,1.0,0.9,0.9953923121000654,1.0,0.95
1,2025-02-08,2,Saturday,learned_ranker,Overnight,Weekend,0.9942367898020457,1.0,1.0,0.9785487608481438,1.0,0.8,0.985697702772274,1.0,0.9
1,2025-02-08,3,Saturday,learned_ranker,Overnight,Weekend,1.0,1.0,1.0,0.9993791200310829,1.0,1.0,0.9904666722378298,1.0,0.9
1,2025-02-08,4,Saturday,learned_ranker,Overnight,Weekend,0.9314109098134196,1.0,0.8,0.9579921043792963,1.0,0.9,0.9369352261323055,1.0,0.75
1,2025-02-08,5,Saturday,learned_ranker,Overnight,Weekend,0.9420929363508866,1.0,0.4,0.9354135756382139,1.0,0.6,0.9104059675794272,1.0,0.65
1,2025-02-08,6,Saturday,learned_ranker,Morning,Weekend,0.9700700814796887,1.0,0.6,0.9775731479736454,1.0,0.8,0.9561027930140827,1.0,0.7
1,2025-02-08,7,Saturday,learned_ranker,Morning,Weekend,0.9446511146257643,1.0,0.2,0.9631188989802024,1.0,0.7,0.9728194300915387,1.0,0.9
1,2025-02-08,8,Saturday,learned_ranker,Morning,Weekend,0.9617437248126407,1.0,0.8,0.9868818911049674,1.0,0.9,0.9891127778021449,1.0,0.95
1,2025-02-08,9,Saturday,learned_ranker,Morning,Weekend,0.9800122901675025,1.0,0.8,0.9901095786213993,1.0,0.8,0.9836673399135294,1.0,0.9
1,2025-02-08,10,Saturday,learned_ranker,Midday,Weekend,0.977597047024095,1.0,0.8,0.978338252921841,1.0,0.9,0.9813126195492561,1.0,0.9
1,2025-02-08,11,Saturday,learned_ranker,Midday,Weekend,0.9573158017840434,1.0,1.0,0.9502030147460309,1.0,0.7,0.9622990011003807,1.0,0.95
1,2025-02-08,12,Saturday,learned_ranker,Midday,Weekend,0.990471087993116,1.0,0.8,0.9883282980239707,1.0,0.8,0.9847862312136101,1.0,0.85
1,2025-02-08,13,Saturday,learned_ranker,Midday,Weekend,0.9954185890623432,1.0,0.8,0.9961854404265617,1.0,0.9,0.9923504775490724,1.0,0.85
1,2025-02-08,14,Saturday,learned_ranker,Midday,Weekend,1.0,1.0,1.0,0.9930998723153854,1.0,0.8,0.9901087498090091,1.0,0.85
1,2025-02-08,15,Saturday,learned_ranker,Midday,Weekend,0.996266881368246,1.0,0.8,0.9867860171407166,1.0,0.8,0.991206661411021,1.0,0.95
1,2025-02-08,16,Saturday,learned_ranker,Evening,Weekend,0.9651505786020823,1.0,0.8,0.9731266323877921,1.0,0.7,0.9807935740719114,1.0,0.9
1,2025-02-08,17,Saturday,learned_ranker,Evening,Weekend,0.9897031620090325,1.0,0.8,0.9896175493534289,1.0,0.8,0.9961326668304438,1.0,0.95
1,2025-02-08,18,Saturday,learned_ranker,Evening,Weekend,0.9900905849571303,1.0,0.8,0.9806988674319471,1.0,0.9,0.9810131560067653,1.0,0.9
1,2025-02-08,19,Saturday,learned_ranker,Evening,Weekend,0.9915699768659091,1.0,1.0,0.9869837124035196,1.0,0.7,0.9902120770568064,1.0,0.9
1,2025-02-08,20,Saturday,learned_ranker,Evening,Weekend,0.958813467610432,1.0,0.6,0.9379318920434528,1.0,0.7,0.9623309246473007,1.0,0.85
1,2025-02-08,21,Saturday,learned_ranker,Late evening,Weekend,0.8862361899625774,1.0,0.6,0.9004431241700596,1.0,0.7,0.9269268090567934,1.0,0.85
1,2025-02-08,22,Saturday,learned_ranker,Late evening,Weekend,0.7955392847330239,1.0,0.4,0.8417103079894048,1.0,0.7,0.8897786115354219,1.0,0.9
1,2025-02-08,23,Saturday,learned_ranker,Late evening,Weekend,0.7835165808478604,1.0,0.6,0.866334867672961,1.0,0.8,0.8993416284033864,1.0,0.95
1,2025-02-09,0,Sunday,learned_ranker,Overnight,Weekend,0.9941066170181122,1.0,0.8,0.9888349743468293,1.0,0.9,0.9936537217207865,1.0,0.95
1,2025-02-09,1,Sunday,learned_ranker,Overnight,Weekend,0.9415716208086744,1.0,0.8,0.9352352713378879,1.0,0.9,0.9716652515498021,1.0,0.95
1,2025-02-09,2,Sunday,learned_ranker,Overnight,Weekend,0.9326192425693759,1.0,0.8,0.9170422173652663,1.0,0.8,0.9217450926424755,1.0,0.9
1,2025-02-09,3,Sunday,learned_ranker,Overnight,Weekend,0.9519492954638002,1.0,0.8,0.938339960122245,1.0,0.9,0.9316178021923605,1.0,0.9
1,2025-02-09,4,Sunday,learned_ranker,Overnight,Weekend,0.9540702465273316,1.0,0.8,0.9533047236122212,1.0,0.8,0.9454292803564098,1.0,0.75
1,2025-02-09,5,Sunday,learned_ranker,Overnight,Weekend,0.9785299387641833,1.0,0.6,0.9654534078570899,1.0,0.7,0.9657735338451658,1.0,0.7
1,2025-02-09,6,Sunday,learned_ranker,Morning,Weekend,0.9805792946285515,1.0,0.6,0.9736047474200142,1.0,0.7,0.9769522775252659,1.0,0.85
1,2025-02-09,7,Sunday,learned_ranker,Morning,Weekend,0.9094912863409429,1.0,0.4,0.9033537551217183,1.0,0.5,0.9354165330544839,1.0,0.8
1,2025-02-09,8,Sunday,learned_ranker,Morning,Weekend,0.9115694558917009,1.0,0.6,0.9303914626347434,1.0,0.7,0.9249439788200237,1.0,0.8
1,2025-02-09,9,Sunday,learned_ranker,Morning,Weekend,0.9916674266545115,1.0,1.0,0.980081359781761,1.0,0.9,0.9891429031500143,1.0,0.9
1,2025-02-09,10,Sunday,learned_ranker,Midday,Weekend,0.9822898661317959,1.0,0.8,0.9859165345613096,1.0,0.7,0.9904650333471771,1.0,0.9
1,2025-02-09,11,Sunday,learned_ranker,Midday,Weekend,0.9737868118845913,1.0,0.8,0.9802897567218636,1.0,0.9,0.978824375776288,1.0,0.85
1,2025-02-09,12,Sunday,learned_ranker,Midday,Weekend,1.0,1.0,1.0,0.9916119189533813,1.0,0.9,0.9901698722645909,1.0,0.9
1,2025-02-09,13,Sunday,learned_ranker,Midday,Weekend,0.998594839356125,1.0,1.0,0.9985018936564752,1.0,1.0,0.9941713979134855,1.0,0.95
1,2025-02-09,14,Sunday,learned_ranker,Midday,Weekend,0.9994445391639578,1.0,1.0,0.9934691011505125,1.0,0.9,0.9904051094982085,1.0,0.9
1,2025-02-09,15,Sunday,learned_ranker,Midday,Weekend,0.9600996653994629,1.0,0.6,0.9775159830672286,1.0,0.8,0.984484033760264,1.0,0.9
1,2025-02-09,16,Sunday,learned_ranker,Evening,Weekend,0.9863476013115731,1.0,0.6,0.98853186842136,1.0,0.8,0.9917282035219024,1.0,0.9
1,2025-02-09,17,Sunday,learned_ranker,Evening,Weekend,0.9787979195171849,1.0,0.8,0.9865873761110225,1.0,0.8,0.9707578696426689,1.0,0.8
1,2025-02-09,18,Sunday,learned_ranker,Evening,Weekend,0.9618263929210739,1.0,0.6,0.9674160426611685,1.0,0.6,0.9706972936394827,1.0,0.8
1,2025-02-09,19,Sunday,learned_ranker,Evening,Weekend,0.9966877119116154,1.0,0.8,0.9954698819702256,1.0,0.8,0.9936202551765813,1.0,0.85
1,2025-02-09,20,Sunday,learned_ranker,Evening,Weekend,0.9755916073787957,1.0,0.6,0.9719442915034948,1.0,0.7,0.983455280201603,1.0,0.85
1,2025-02-09,21,Sunday,learned_ranker,Late evening,Weekend,0.9875274304246364,1.0,0.6,0.9828395884527745,1.0,0.7,0.9750628800301979,1.0,0.75
1,2025-02-09,22,Sunday,learned_ranker,Late evening,Weekend,0.9192706578716934,1.0,0.4,0.9180551007737876,1.0,0.3,0.8954991996565843,1.0,0.55
1,2025-02-09,23,Sunday,learned_ranker,Late evening,Weekend,0.9867693824159239,1.0,0.8,0.98974185608825,1.0,0.8,0.9847730622943518,1.0,0.8
2,2025-02-17,0,Monday,learned_ranker,Overnight,Weekday,0.9894157042295926,1.0,0.8,0.9958442153394805,1.0,0.8,0.9845938121484586,1.0,0.8
2,2025-02-17,1,Monday,learned_ranker,Overnight,Weekday,0.9891543941612682,1.0,0.8,0.9787309913423224,1.0,0.6,0.9818736253122701,1.0,0.8
2,2025-02-17,2,Monday,learned_ranker,Overnight,Weekday,0.9529756968713524,1.0,0.8,0.9735864612231508,1.0,0.8,0.965849595245135,1.0,0.8
2,2025-02-17,3,Monday,learned_ranker,Overnight,Weekday,0.8265309611012353,1.0,0.4,0.8856507485631756,1.0,0.9,0.8638794458663455,1.0,0.8
2,2025-02-17,4,Monday,learned_ranker,Overnight,Weekday,0.9282978642495248,1.0,0.6,0.9166179193519188,1.0,0.8,0.909951739230696,1.0,0.65
2,2025-02-17,5,Monday,learned_ranker,Overnight,Weekday,0.9456110343241169,1.0,0.6,0.9262514155588979,1.0,0.6,0.9100491005100575,1.0,0.6
2,2025-02-17,6,Monday,learned_ranker,Morning,Weekday,0.9231041746948978,1.0,0.4,0.9389599689335094,1.0,0.8,0.9682628767999248,1.0,0.85
2,2025-02-17,7,Monday,learned_ranker,Morning,Weekday,0.9584060857704885,1.0,0.4,0.9427366703800026,1.0,0.7,0.9721808713484872,1.0,0.9
2,2025-02-17,8,Monday,learned_ranker,Morning,Weekday,0.9388302808435388,1.0,0.8,0.9345082360176084,1.0,0.6,0.9280121585140041,1.0,0.85
2,2025-02-17,9,Monday,learned_ranker,Morning,Weekday,0.863891049893382,1.0,0.4,0.9028131069800247,1.0,0.9,0.9273429778044304,1.0,0.95
2,2025-02-17,10,Monday,learned_ranker,Midday,Weekday,0.8841837239618374,1.0,0.4,0.9399029560001911,1.0,0.9,0.9475131777038438,1.0,0.85
2,2025-02-17,11,Monday,learned_ranker,Midday,Weekday,0.9755475899771712,1.0,0.8,0.9933782719884353,1.0,1.0,0.9875045010159346,1.0,0.9
2,2025-02-17,12,Monday,learned_ranker,Midday,Weekday,0.9637597033540414,1.0,1.0,0.9536957942274423,1.0,0.9,0.9676263269970479,1.0,0.9
2,2025-02-17,13,Monday,learned_ranker,Midday,Weekday,0.9892235330949158,1.0,0.6,0.9909445505949748,1.0,0.9,0.9838850052367032,1.0,0.9
2,2025-02-17,14,Monday,learned_ranker,Midday,Weekday,0.9971830380860792,1.0,0.8,0.9663984776037088,1.0,0.8,0.9797419424360028,1.0,0.8
2,2025-02-17,15,Monday,learned_ranker,Midday,Weekday,0.9822757106937008,1.0,0.8,0.9748933300048173,1.0,0.8,0.9854042454476181,1.0,0.9
2,2025-02-17,16,Monday,learned_ranker,Evening,Weekday,0.9975643151081973,1.0,0.8,0.9816492178993562,1.0,0.8,0.9930219132531434,1.0,0.9
2,2025-02-17,17,Monday,learned_ranker,Evening,Weekday,0.9849011766959217,1.0,0.6,0.9861943688942859,1.0,0.8,0.9926273893056726,1.0,0.9
2,2025-02-17,18,Monday,learned_ranker,Evening,Weekday,0.9793031776549833,1.0,0.8,0.9749270894352122,1.0,0.8,0.9878063830862365,1.0,0.95
2,2025-02-17,19,Monday,learned_ranker,Evening,Weekday,0.9387509626533491,1.0,0.6,0.9524355852846671,1.0,0.8,0.9748006308127376,1.0,0.85
2,2025-02-17,20,Monday,learned_ranker,Evening,Weekday,0.9596750281954856,1.0,0.6,0.9506616469106247,1.0,0.7,0.9783728657539902,1.0,0.9
2,2025-02-17,21,Monday,learned_ranker,Late evening,Weekday,0.9775964681233069,1.0,0.8,0.9781743852941942,1.0,0.7,0.9892094758593887,1.0,1.0
2,2025-02-17,22,Monday,learned_ranker,Late evening,Weekday,0.9827378662750654,1.0,0.8,0.9751725565692639,1.0,0.6,0.9853219491986989,1.0,0.85
2,2025-02-17,23,Monday,learned_ranker,Late evening,Weekday,0.9731639287677014,1.0,0.6,0.9711323435944419,1.0,0.7,0.9836395105193548,1.0,0.85
2,2025-02-18,0,Tuesday,learned_ranker,Overnight,Weekday,0.9944394755670191,1.0,0.8,0.9876763071422302,1.0,0.7,0.9914245741836146,1.0,0.75
2,2025-02-18,1,Tuesday,learned_ranker,Overnight,Weekday,0.9804975899731156,1.0,0.8,0.9774468281718993,1.0,0.8,0.9735710847841255,1.0,0.75
2,2025-02-18,2,Tuesday,learned_ranker,Overnight,Weekday,0.6255596817352761,1.0,0.4,0.6332749053931093,1.0,0.6,0.7547117587548584,1.0,0.7
2,2025-02-18,3,Tuesday,learned_ranker,Overnight,Weekday,0.8990028395174655,1.0,0.4,0.8712582856547912,1.0,0.5,0.8583275361913959,1.0,0.55
2,2025-02-18,4,Tuesday,learned_ranker,Overnight,Weekday,0.909698257662967,1.0,0.4,0.886237146863701,1.0,0.5,0.9234316346706594,1.0,0.65
2,2025-02-18,5,Tuesday,learned_ranker,Overnight,Weekday,0.9884963649061933,1.0,0.8,0.9705183272832548,1.0,0.7,0.9751209194533226,1.0,0.9
2,2025-02-18,6,Tuesday,learned_ranker,Morning,Weekday,0.9940148497072281,1.0,0.8,0.9938468878176455,1.0,0.9,0.9944738101509972,1.0,0.95
2,2025-02-18,7,Tuesday,learned_ranker,Morning,Weekday,0.9821888524756253,1.0,0.8,0.9750379777740509,1.0,0.7,0.9817484160180986,1.0,0.95
2,2025-02-18,8,Tuesday,learned_ranker,Morning,Weekday,0.8950392929864476,1.0,0.8,0.9060449514567488,1.0,0.8,0.927139865893845,1.0,0.9
2,2025-02-18,9,Tuesday,learned_ranker,Morning,Weekday,0.9718369987061148,1.0,1.0,0.9732009509702372,1.0,0.9,0.9734272944487999,1.0,0.9
2,2025-02-18,10,Tuesday,learned_ranker,Midday,Weekday,0.9774925411530812,1.0,1.0,0.9756758909961742,1.0,0.8,0.9810442304069954,1.0,0.95
2,2025-02-18,11,Tuesday,learned_ranker,Midday,Weekday,0.9695192495909724,1.0,0.8,0.9761456077791332,1.0,0.9,0.9775085972994711,1.0,0.9
2,2025-02-18,12,Tuesday,learned_ranker,Midday,Weekday,0.9589486421909953,1.0,1.0,0.9570718493255197,1.0,0.8,0.9709759465995074,1.0,0.95
2,2025-02-18,13,Tuesday,learned_ranker,Midday,Weekday,0.8488966465426689,1.0,0.8,0.8796061954007577,1.0,0.9,0.8906890949563797,1.0,0.9
2,2025-02-18,14,Tuesday,learned_ranker,Midday,Weekday,0.944821628497485,1.0,1.0,0.948470476677268,1.0,0.8,0.9565312458038107,1.0,0.95
2,2025-02-18,15,Tuesday,learned_ranker,Midday,Weekday,1.0,1.0,1.0,0.9900869645708623,1.0,0.7,0.9980468304876329,1.0,1.0
2,2025-02-18,16,Tuesday,learned_ranker,Evening,Weekday,0.9915263264729567,1.0,1.0,0.9850684478458003,1.0,0.8,0.9908127639635524,1.0,0.95
2,2025-02-18,17,Tuesday,learned_ranker,Evening,Weekday,0.9955407682779184,1.0,0.8,0.9822779103634719,1.0,0.8,0.99330330030008,1.0,0.95
2,2025-02-18,18,Tuesday,learned_ranker,Evening,Weekday,0.897003236892641,1.0,0.8,0.9140604274967842,1.0,0.8,0.9261984877204176,1.0,0.85
2,2025-02-18,19,Tuesday,learned_ranker,Evening,Weekday,0.9890228468542294,1.0,0.8,0.9870094408724878,1.0,0.9,0.9894361385243162,1.0,0.95
2,2025-02-18,20,Tuesday,learned_ranker,Evening,Weekday,0.997598235642891,1.0,1.0,0.9913301275777426,1.0,0.8,0.9972535067681904,1.0,1.0
2,2025-02-18,21,Tuesday,learned_ranker,Late evening,Weekday,0.9742574503896121,1.0,1.0,0.961575402302577,1.0,0.8,0.9734451486196823,1.0,0.95
2,2025-02-18,22,Tuesday,learned_ranker,Late evening,Weekday,0.9610064816488147,1.0,1.0,0.9496628522248507,1.0,0.8,0.9654893612900773,1.0,0.95
2,2025-02-18,23,Tuesday,learned_ranker,Late evening,Weekday,0.99833327894374,1.0,1.0,0.9925347485411644,1.0,0.9,0.9876184947011085,1.0,0.9
2,2025-02-19,0,Wednesday,learned_ranker,Overnight,Weekday,0.8697090664920626,1.0,0.6,0.936765343640658,1.0,0.9,0.936770738375147,1.0,0.9
2,2025-02-19,1,Wednesday,learned_ranker,Overnight,Weekday,0.9870951023941834,1.0,0.8,0.9823676039908772,1.0,0.9,0.9780935475789118,1.0,0.85
2,2025-02-19,2,Wednesday,learned_ranker,Overnight,Weekday,0.6526335699053843,1.0,0.4,0.7471156459941891,1.0,0.7,0.782739330768045,1.0,0.7
2,2025-02-19,3,Wednesday,learned_ranker,Overnight,Weekday,0.3781137230456143,1.0,0.6,0.547385713263201,1.0,0.5,0.559954160099006,1.0,0.5
2,2025-02-19,4,Wednesday,learned_ranker,Overnight,Weekday,0.9664111280066997,1.0,0.6,0.9440969108430747,1.0,0.6,0.9187196505556512,1.0,0.65
2,2025-02-19,5,Wednesday,learned_ranker,Overnight,Weekday,0.9923317376087986,1.0,0.8,0.9831075003020366,1.0,0.9,0.9769398051269617,1.0,0.75
2,2025-02-19,6,Wednesday,learned_ranker,Morning,Weekday,0.9866138817921462,1.0,0.8,0.9914412196504061,1.0,0.9,0.9895565117671993,1.0,0.85
2,2025-02-19,7,Wednesday,learned_ranker,Morning,Weekday,0.9999988784554248,1.0,0.8,0.9994334376568133,1.0,0.9,0.9989688121661735,1.0,1.0
2,2025-02-19,8,Wednesday,learned_ranker,Morning,Weekday,0.9802786738463412,1.0,0.8,0.9841451072599513,1.0,0.9,0.9837794575868309,1.0,0.9
2,2025-02-19,9,Wednesday,learned_ranker,Morning,Weekday,0.9622200452958406,1.0,0.8,0.9902130515648213,1.0,0.9,0.993572169469307,1.0,0.95
2,2025-02-19,10,Wednesday,learned_ranker,Midday,Weekday,0.984769685713971,1.0,0.8,0.9768607092651196,1.0,0.9,0.984799995917612,1.0,0.9
2,2025-02-19,11,Wednesday,learned_ranker,Midday,Weekday,0.8864936042470908,1.0,0.8,0.9162317156424686,1.0,1.0,0.9293512780344227,1.0,0.9
2,2025-02-19,12,Wednesday,learned_ranker,Midday,Weekday,0.9506510954426555,1.0,1.0,0.9399899461415498,1.0,0.8,0.9609141731138022,1.0,0.95
2,2025-02-19,13,Wednesday,learned_ranker,Midday,Weekday,0.9254233495899465,1.0,1.0,0.9380482563021423,1.0,0.9,0.9443748619674031,1.0,0.95
2,2025-02-19,14,Wednesday,learned_ranker,Midday,Weekday,0.9426642576325442,1.0,0.8,0.9567821642166559,1.0,1.0,0.9555642309102457,1.0,0.95
2,2025-02-19,15,Wednesday,learned_ranker,Midday,Weekday,0.9991023040575098,1.0,1.0,0.9989838371792316,1.0,0.9,0.9890021806990189,1.0,0.95
2,2025-02-19,16,Wednesday,learned_ranker,Evening,Weekday,0.9818081437315435,1.0,0.8,0.9933381635442439,1.0,0.9,0.9936365766618148,1.0,1.0
2,2025-02-19,17,Wednesday,learned_ranker,Evening,Weekday,0.9707178797484821,1.0,0.8,0.9888460372906547,1.0,0.9,0.9909956334681901,1.0,0.95
2,2025-02-19,18,Wednesday,learned_ranker,Evening,Weekday,0.9684786904855175,1.0,1.0,0.9683346065592897,1.0,0.9,0.974967263340078,1.0,0.9
2,2025-02-19,19,Wednesday,learned_ranker,Evening,Weekday,1.0,1.0,1.0,0.9990399167638649,1.0,0.9,0.9987032816287806,1.0,0.95
2,2025-02-19,20,Wednesday,learned_ranker,Evening,Weekday,0.984608655696927,1.0,1.0,0.9872343675719422,1.0,1.0,0.988284917750354,1.0,0.95
2,2025-02-19,21,Wednesday,learned_ranker,Late evening,Weekday,0.9702505493947099,1.0,0.8,0.9875629641580186,1.0,0.8,0.9932176297508716,1.0,0.9
2,2025-02-19,22,Wednesday,learned_ranker,Late evening,Weekday,0.8388327726284566,1.0,0.8,0.875879837738454,1.0,0.8,0.9082403545983718,1.0,0.9
2,2025-02-19,23,Wednesday,learned_ranker,Late evening,Weekday,0.9910877656717689,1.0,0.8,0.9779239940763651,1.0,0.8,0.989707502664567,1.0,0.95
2,2025-02-20,0,Thursday,learned_ranker,Overnight,Weekday,0.993402560842842,1.0,0.8,0.9921650115203213,1.0,0.8,0.9850107380466663,1.0,0.85
2,2025-02-20,1,Thursday,learned_ranker,Overnight,Weekday,0.707635829523893,1.0,0.8,0.7403186828618955,1.0,0.8,0.7503396986242672,1.0,0.8
2,2025-02-20,2,Thursday,learned_ranker,Overnight,Weekday,0.9306418461272544,1.0,0.8,0.9170800851223507,1.0,0.7,0.9213940588820191,1.0,0.8
2,2025-02-20,3,Thursday,learned_ranker,Overnight,Weekday,0.8353894677479724,1.0,0.6,0.8448653184443702,1.0,0.6,0.8669929883364537,1.0,0.8
2,2025-02-20,4,Thursday,learned_ranker,Overnight,Weekday,0.8511318783216681,1.0,0.6,0.8455950903686832,1.0,0.6,0.8489451159983965,1.0,0.65
2,2025-02-20,5,Thursday,learned_ranker,Overnight,Weekday,0.9791072840663884,1.0,0.8,0.9678902696484004,1.0,0.8,0.9669920774629078,1.0,0.75
2,2025-02-20,6,Thursday,learned_ranker,Morning,Weekday,0.9833059482697427,1.0,0.8,0.9884045252850507,1.0,0.9,0.9916800965909907,1.0,0.9
2,2025-02-20,7,Thursday,learned_ranker,Morning,Weekday,1.0,1.0,1.0,0.9926210299596698,1.0,0.9,0.9903117308062213,1.0,0.9
2,2025-02-20,8,Thursday,learned_ranker,Morning,Weekday,0.9794480303743046,1.0,0.8,0.9654585382575669,1.0,0.7,0.9796419344004077,1.0,0.85
2,2025-02-20,9,Thursday,learned_ranker,Morning,Weekday,0.9652157758252047,1.0,0.8,0.9860727786377411,1.0,0.8,0.9954071144041193,1.0,0.95
2,2025-02-20,10,Thursday,learned_ranker,Midday,Weekday,0.9698745986869772,1.0,0.8,0.9806037388807789,1.0,0.8,0.9852628452855459,1.0,0.95
2,2025-02-20,11,Thursday,learned_ranker,Midday,Weekday,0.9272564195115522,1.0,1.0,0.9364346060566534,1.0,0.9,0.9499939682557181,1.0,0.95
2,2025-02-20,12,Thursday,learned_ranker,Midday,Weekday,0.9863160271955547,1.0,1.0,0.9880229618313789,1.0,0.9,0.982534271889465,1.0,0.9
2,2025-02-20,13,Thursday,learned_ranker,Midday,Weekday,0.9230825914116874,1.0,1.0,0.9375332674354077,1.0,0.9,0.9470638690342356,1.0,0.95
2,2025-02-20,14,Thursday,learned_ranker,Midday,Weekday,0.9604859999665611,1.0,1.0,0.960437098717038,1.0,0.9,0.9643582525334239,1.0,0.95
2,2025-02-20,15,Thursday,learned_ranker,Midday,Weekday,0.9989397147950292,1.0,1.0,0.9981448761138866,1.0,0.9,0.9981171146062423,1.0,1.0
2,2025-02-20,16,Thursday,learned_ranker,Evening,Weekday,0.9964801417086303,1.0,0.8,0.9903721286406012,1.0,0.9,0.9947320746398074,1.0,0.95
2,2025-02-20,17,Thursday,learned_ranker,Evening,Weekday,0.9934162876522314,1.0,0.8,0.9989388444682411,1.0,0.9,0.9953863997687267,1.0,0.9
2,2025-02-20,18,Thursday,learned_ranker,Evening,Weekday,0.8240086777951376,1.0,0.6,0.8847736757534942,1.0,0.8,0.9143208529804561,1.0,0.95
2,2025-02-20,19,Thursday,learned_ranker,Evening,Weekday,0.9813632397583751,1.0,1.0,0.9848972037594905,1.0,1.0,0.9825696890471556,1.0,0.9
2,2025-02-20,20,Thursday,learned_ranker,Evening,Weekday,0.9784431482113597,1.0,1.0,0.9824440863004311,1.0,1.0,0.9834507395034642,1.0,0.95
2,2025-02-20,21,Thursday,learned_ranker,Late evening,Weekday,0.9991787461350501,1.0,1.0,0.9898459658357606,1.0,0.8,0.9950456696686629,1.0,0.9
2,2025-02-20,22,Thursday,learned_ranker,Late evening,Weekday,0.9279865522743171,1.0,0.8,0.9565771375005857,1.0,0.8,0.9754649094761523,1.0,0.95
2,2025-02-20,23,Thursday,learned_ranker,Late evening,Weekday,0.9634447068685438,1.0,0.6,0.9929626428499312,1.0,0.9,0.9827793253320004,1.0,0.9
2,2025-02-21,0,Friday,learned_ranker,Overnight,Weekday,0.9326268308608606,1.0,1.0,0.938782740802738,1.0,0.9,0.9398003782145811,1.0,0.9
2,2025-02-21,1,Friday,learned_ranker,Overnight,Weekday,0.8577280531988615,1.0,0.8,0.9382369174549614,1.0,0.8,0.9380801026319654,1.0,0.85
2,2025-02-21,2,Friday,learned_ranker,Overnight,Weekday,0.8396445164499228,1.0,0.6,0.88736581670839,1.0,0.7,0.8883583209030429,1.0,0.8
2,2025-02-21,3,Friday,learned_ranker,Overnight,Weekday,0.9001312179242683,1.0,0.8,0.9028694057473665,1.0,0.8,0.8975781739236961,1.0,0.7
2,2025-02-21,4,Friday,learned_ranker,Overnight,Weekday,0.9633633757333889,1.0,0.8,0.9250113370300811,1.0,0.6,0.9283899755927094,1.0,0.75
2,2025-02-21,5,Friday,learned_ranker,Overnight,Weekday,0.9976329227711332,1.0,1.0,0.9841149585074146,1.0,0.7,0.9757478462685786,1.0,0.75
2,2025-02-21,6,Friday,learned_ranker,Morning,Weekday,0.9777235880425951,1.0,0.6,0.994514764750119,1.0,1.0,0.9844689187720477,1.0,0.85
2,2025-02-21,7,Friday,learned_ranker,Morning,Weekday,0.9774363262030148,1.0,0.8,0.9849859932167626,1.0,0.8,0.9846033570113727,1.0,0.95
2,2025-02-21,8,Friday,learned_ranker,Morning,Weekday,0.9813014130297676,1.0,1.0,0.9763153776939995,1.0,0.9,0.9686798587983929,1.0,0.85
2,2025-02-21,9,Friday,learned_ranker,Morning,Weekday,0.9817100565273735,1.0,0.8,0.9837153028771656,1.0,0.8,0.9926558823231606,1.0,0.95
2,2025-02-21,10,Friday,learned_ranker,Midday,Weekday,0.9980477006473403,1.0,0.8,0.9987323127264062,1.0,1.0,0.9951750168196061,1.0,0.9
2,2025-02-21,11,Friday,learned_ranker,Midday,Weekday,0.9998828623084052,1.0,0.8,0.9852807449134158,1.0,0.9,0.9943960993479222,1.0,0.9
2,2025-02-21,12,Friday,learned_ranker,Midday,Weekday,0.9733213508235928,1.0,1.0,0.9713854784607022,1.0,0.9,0.9801905367906592,1.0,0.95
2,2025-02-21,13,Friday,learned_ranker,Midday,Weekday,0.9892585042163823,1.0,0.8,0.9984942750723967,1.0,1.0,0.9938931841417098,1.0,0.85
2,2025-02-21,14,Friday,learned_ranker,Midday,Weekday,0.971364889310288,1.0,1.0,0.9645712024188263,1.0,0.8,0.9762801745732559,1.0,0.95
2,2025-02-21,15,Friday,learned_ranker,Midday,Weekday,0.9486067161839262,1.0,1.0,0.93360601140267,1.0,0.6,0.9586481912102868,1.0,0.95
2,2025-02-21,16,Friday,learned_ranker,Evening,Weekday,0.9994772247772558,1.0,1.0,0.9953152410095454,1.0,0.9,0.9984959099698923,1.0,0.95
2,2025-02-21,17,Friday,learned_ranker,Evening,Weekday,0.9942411880553167,1.0,1.0,0.9821080664938339,1.0,0.9,0.9942340982842204,1.0,0.95
2,2025-02-21,18,Friday,learned_ranker,Evening,Weekday,0.9917521157902199,1.0,0.8,0.9986995093105853,1.0,1.0,0.989068932444476,1.0,0.85
2,2025-02-21,19,Friday,learned_ranker,Evening,Weekday,0.9825539901062326,1.0,0.8,0.9781046473816516,1.0,0.8,0.9928474402597194,1.0,0.9
2,2025-02-21,20,Friday,learned_ranker,Evening,Weekday,0.9755583301435962,1.0,0.6,0.9888795191834987,1.0,0.8,0.9928758785304028,1.0,0.9
2,2025-02-21,21,Friday,learned_ranker,Late evening,Weekday,0.9743600311904068,1.0,0.8,0.98380444661755,1.0,0.9,0.9885047156480318,1.0,0.9
2,2025-02-21,22,Friday,learned_ranker,Late evening,Weekday,0.9608879313670907,1.0,0.6,0.9635828317220402,1.0,0.9,0.9748536726905902,1.0,0.9
2,2025-02-21,23,Friday,learned_ranker,Late evening,Weekday,0.956034658422182,1.0,0.8,0.9863611825266744,1.0,0.9,0.9849125604224722,1.0,0.9
2,2025-02-22,0,Saturday,learned_ranker,Overnight,Weekend,0.9824788747606749,1.0,1.0,0.979339685392107,1.0,0.9,0.97962955423454,1.0,0.95
2,2025-02-22,1,Saturday,learned_ranker,Overnight,Weekend,0.999561712258656,1.0,1.0,0.9854732710092352,1.0,0.9,0.9953357728927891,1.0,1.0
2,2025-02-22,2,Saturday,learned_ranker,Overnight,Weekend,1.0,1.0,1.0,0.9914056054540494,1.0,0.8,0.984304871985704,1.0,0.9
2,2025-02-22,3,Saturday,learned_ranker,Overnight,Weekend,0.952938800295878,1.0,1.0,0.9521132116263346,1.0,0.9,0.9540142085568782,1.0,0.9
2,2025-02-22,4,Saturday,learned_ranker,Overnight,Weekend,0.9393666178947825,1.0,0.8,0.9565140468264643,1.0,0.6,0.9612312255584086,1.0,0.9
2,2025-02-22,5,Saturday,learned_ranker,Overnight,Weekend,0.959845987599563,1.0,0.4,0.962188045312812,1.0,0.7,0.9506398462666561,1.0,0.75
2,2025-02-22,6,Saturday,learned_ranker,Morning,Weekend,0.9528163475063046,1.0,0.4,0.9560976310680694,1.0,0.6,0.9600189756284676,1.0,0.8
2,2025-02-22,7,Saturday,learned_ranker,Morning,Weekend,0.9568933046171753,1.0,0.4,0.9655943152785265,1.0,0.7,0.9754722196292849,1.0,0.9
2,2025-02-22,8,Saturday,learned_ranker,Morning,Weekend,0.9976355556153422,1.0,1.0,0.984716516510915,1.0,0.9,0.9939181217490569,1.0,0.95
2,2025-02-22,9,Saturday,learned_ranker,Morning,Weekend,0.9980428319849075,1.0,0.8,0.9866363802360076,1.0,0.6,0.9943427867780495,1.0,0.95
2,2025-02-22,10,Saturday,learned_ranker,Midday,Weekend,0.9922593132370191,1.0,0.8,0.9944454883026014,1.0,0.9,0.9961017397596199,1.0,0.95
2,2025-02-22,11,Saturday,learned_ranker,Midday,Weekend,0.9971211553089016,1.0,1.0,0.9975630823672901,1.0,1.0,0.9943268253045717,1.0,0.9
2,2025-02-22,12,Saturday,learned_ranker,Midday,Weekend,0.9948735781030176,1.0,1.0,0.9937871198961915,1.0,0.9,0.9929288292160636,1.0,0.95
2,2025-02-22,13,Saturday,learned_ranker,Midday,Weekend,0.9917511249340198,1.0,0.8,0.9934191340503665,1.0,0.9,0.9929591870701241,1.0,0.9
2,2025-02-22,14,Saturday,learned_ranker,Midday,Weekend,0.997554819135307,1.0,0.8,0.9812543992083705,1.0,0.8,0.9948058027285408,1.0,0.95
2,2025-02-22,15,Saturday,learned_ranker,Midday,Weekend,0.9616043789780205,1.0,0.8,0.96301847493639,1.0,0.7,0.9743212881190793,1.0,0.9
2,2025-02-22,16,Saturday,learned_ranker,Evening,Weekend,0.9887065793082916,1.0,0.6,0.9958954211606812,1.0,0.9,0.9961619668803777,1.0,0.95
2,2025-02-22,17,Saturday,learned_ranker,Evening,Weekend,0.9697494322849312,1.0,0.8,0.9901555714808621,1.0,0.8,0.992219929170202,1.0,0.95
2,2025-02-22,18,Saturday,learned_ranker,Evening,Weekend,0.9272006734764269,1.0,0.6,0.9782442280797545,1.0,0.8,0.9840620467353072,1.0,0.95
2,2025-02-22,19,Saturday,learned_ranker,Evening,Weekend,0.9638326708029611,1.0,0.6,0.9750377105671016,1.0,0.8,0.9904572982003431,1.0,1.0
2,2025-02-22,20,Saturday,learned_ranker,Evening,Weekend,0.9758026150304623,1.0,0.8,0.9691952133806793,1.0,0.7,0.9840765100142931,1.0,0.85
2,2025-02-22,21,Saturday,learned_ranker,Late evening,Weekend,0.9963135789731231,1.0,1.0,0.9913820883034641,1.0,0.8,0.9815148777731363,1.0,0.85
2,2025-02-22,22,Saturday,learned_ranker,Late evening,Weekend,0.981742108221401,1.0,0.6,0.9413207840486685,1.0,0.7,0.9756293587971943,1.0,0.95
2,2025-02-22,23,Saturday,learned_ranker,Late evening,Weekend,0.9868717547556857,1.0,0.8,0.9871917878795552,1.0,0.9,0.9866069090082962,1.0,0.8
2,2025-02-23,0,Sunday,learned_ranker,Overnight,Weekend,0.9315047344138516,1.0,0.8,0.9856464394275668,1.0,0.8,0.9870950147409835,1.0,0.95
2,2025-02-23,1,Sunday,learned_ranker,Overnight,Weekend,0.9890567064304403,1.0,0.8,0.9880082043836151,1.0,0.9,0.9943033771941888,1.0,1.0
2,2025-02-23,2,Sunday,learned_ranker,Overnight,Weekend,1.0,1.0,1.0,0.9768578703670835,1.0,0.8,0.9880019730177538,1.0,0.9
2,2025-02-23,3,Sunday,learned_ranker,Overnight,Weekend,0.9995605557028738,1.0,1.0,0.9948925530944692,1.0,0.9,0.9941090689567313,1.0,0.95
2,2025-02-23,4,Sunday,learned_ranker,Overnight,Weekend,0.9816592753001264,1.0,0.8,0.9918432210179183,1.0,1.0,0.9648321706547937,1.0,0.75
2,2025-02-23,5,Sunday,learned_ranker,Overnight,Weekend,0.9804431451085267,1.0,0.6,0.9943815770708156,1.0,1.0,0.9790593045543087,1.0,0.8
2,2025-02-23,6,Sunday,learned_ranker,Morning,Weekend,0.9664771565121734,1.0,0.6,0.9747112166011641,1.0,0.7,0.9659212281696222,1.0,0.8
2,2025-02-23,7,Sunday,learned_ranker,Morning,Weekend,0.9938903639562977,1.0,0.8,0.9769385451008915,1.0,0.7,0.9773252195176252,1.0,0.75
2,2025-02-23,8,Sunday,learned_ranker,Morning,Weekend,0.9731839883725852,1.0,0.6,0.9612071647519089,1.0,0.8,0.9765844053535839,1.0,0.85
2,2025-02-23,9,Sunday,learned_ranker,Morning,Weekend,0.9889490304338068,1.0,0.8,0.9790649907572038,1.0,0.8,0.9834259757532151,1.0,0.85
2,2025-02-23,10,Sunday,learned_ranker,Midday,Weekend,0.9882971343674216,1.0,0.8,0.9983610885459139,1.0,1.0,0.9980157174245488,1.0,1.0
2,2025-02-23,11,Sunday,learned_ranker,Midday,Weekend,0.995161050299398,1.0,0.8,0.994952278551538,1.0,0.9,0.9923785908569531,1.0,0.9
2,2025-02-23,12,Sunday,learned_ranker,Midday,Weekend,0.9783634991699974,1.0,0.6,0.9877074068156975,1.0,0.9,0.9904928076009922,1.0,0.95
2,2025-02-23,13,Sunday,learned_ranker,Midday,Weekend,0.9727204088350621,1.0,0.6,0.9934945279782903,1.0,1.0,0.9836693051603221,1.0,0.85
2,2025-02-23,14,Sunday,learned_ranker,Midday,Weekend,0.9583971103033416,1.0,0.8,0.9740067137073231,1.0,0.9,0.9701809535861387,1.0,0.9
2,2025-02-23,15,Sunday,learned_ranker,Midday,Weekend,0.9947139939204964,1.0,0.8,0.9940219020357915,1.0,0.9,0.9904752894486684,1.0,0.9
2,2025-02-23,16,Sunday,learned_ranker,Evening,Weekend,0.9959285751923491,1.0,0.8,0.9960374184421831,1.0,0.9,0.994918467667912,1.0,0.9
2,2025-02-23,17,Sunday,learned_ranker,Evening,Weekend,0.9907474554821352,1.0,0.8,0.9914278345880881,1.0,0.9,0.9945244835005052,1.0,0.9
2,2025-02-23,18,Sunday,learned_ranker,Evening,Weekend,0.9747692341882676,1.0,0.6,0.9845407594917354,1.0,0.8,0.9887418458207131,1.0,0.85
2,2025-02-23,19,Sunday,learned_ranker,Evening,Weekend,0.9873226611595016,1.0,0.8,0.9949778022048709,1.0,0.8,0.9935893832460131,1.0,0.9
2,2025-02-23,20,Sunday,learned_ranker,Evening,Weekend,0.9791864338440672,1.0,0.6,0.9903259643335495,1.0,0.8,0.9945422841345748,1.0,0.95
2,2025-02-23,21,Sunday,learned_ranker,Late evening,Weekend,0.9906592958664961,1.0,0.8,0.9942961602970366,1.0,0.8,0.9904078442253558,1.0,0.85
2,2025-02-23,22,Sunday,learned_ranker,Late evening,Weekend,0.9847582037481659,1.0,0.4,0.9751602796454925,1.0,0.7,0.9767258218656796,1.0,0.75
2,2025-02-23,23,Sunday,learned_ranker,Late evening,Weekend,0.9825098514389397,1.0,0.6,0.9953442147112527,1.0,1.0,0.9892097483803793,1.0,0.7
3,2025-03-03,0,Monday,learned_ranker,Overnight,Weekday,0.9899058742097541,1.0,0.8,0.9966397481896594,1.0,1.0,0.985749311097484,1.0,0.7
3,2025-03-03,1,Monday,learned_ranker,Overnight,Weekday,0.9161194895729031,1.0,0.6,0.9143921881309545,1.0,0.8,0.9356192835619734,1.0,0.75
3,2025-03-03,2,Monday,learned_ranker,Overnight,Weekday,0.7549285334688649,1.0,0.4,0.8264089823533521,1.0,0.7,0.8613885499488746,1.0,0.7
3,2025-03-03,3,Monday,learned_ranker,Overnight,Weekday,0.9950327134822541,1.0,0.8,0.9486422127223215,1.0,0.8,0.9215478754145546,1.0,0.6
3,2025-03-03,4,Monday,learned_ranker,Overnight,Weekday,0.8613766038899044,1.0,0.4,0.8545737362810738,1.0,0.6,0.8688407481528656,1.0,0.65
3,2025-03-03,5,Monday,learned_ranker,Overnight,Weekday,0.9761171893595795,1.0,0.8,0.9777016367149343,1.0,0.9,0.9769656165598236,1.0,0.85
3,2025-03-03,6,Monday,learned_ranker,Morning,Weekday,0.981021359419562,1.0,0.8,0.9829267882720882,1.0,0.9,0.989490450968342,1.0,0.9
3,2025-03-03,7,Monday,learned_ranker,Morning,Weekday,0.9833506321347367,1.0,0.8,0.9936081400687333,1.0,0.8,0.9957009179002931,1.0,0.95
3,2025-03-03,8,Monday,learned_ranker,Morning,Weekday,0.9876741246338901,1.0,1.0,0.9875752817733463,1.0,0.9,0.9869736763037489,1.0,0.95
3,2025-03-03,9,Monday,learned_ranker,Morning,Weekday,0.9983068070297846,1.0,1.0,0.9946084781049923,1.0,0.9,0.9938287909372618,1.0,0.95
3,2025-03-03,10,Monday,learned_ranker,Midday,Weekday,0.9996631029072546,1.0,1.0,0.999656979631094,1.0,1.0,0.9957199962068313,1.0,0.9
3,2025-03-03,11,Monday,learned_ranker,Midday,Weekday,0.9983920213202818,1.0,1.0,0.9909707554141975,1.0,0.9,0.9909587348266802,1.0,0.9
3,2025-03-03,12,Monday,learned_ranker,Midday,Weekday,0.9994831518974951,1.0,1.0,0.9902186024507739,1.0,0.9,0.9906182173226957,1.0,0.9
3,2025-03-03,13,Monday,learned_ranker,Midday,Weekday,0.9993144912564517,1.0,1.0,0.9864915726788459,1.0,0.7,0.995038955668924,1.0,0.95
3,2025-03-03,14,Monday,learned_ranker,Midday,Weekday,0.9998532353112726,1.0,1.0,0.9728075989062009,1.0,0.7,0.9919689167938771,1.0,1.0
3,2025-03-03,15,Monday,learned_ranker,Midday,Weekday,0.9989885526333276,1.0,1.0,0.9855034347811767,1.0,0.8,0.9949847914822175,1.0,1.0
3,2025-03-03,16,Monday,learned_ranker,Evening,Weekday,0.9995337916734709,1.0,1.0,0.9792362368082633,1.0,0.8,0.9960538310054866,1.0,0.95
3,2025-03-03,17,Monday,learned_ranker,Evening,Weekday,0.9919684973142364,1.0,0.8,0.9809192841303885,1.0,0.8,0.9920386733888797,1.0,0.95
3,2025-03-03,18,Monday,learned_ranker,Evening,Weekday,0.9865263614150862,1.0,1.0,0.9764867851830428,1.0,0.9,0.9898680461024418,1.0,1.0
3,2025-03-03,19,Monday,learned_ranker,Evening,Weekday,0.9991294338186546,1.0,1.0,0.9972947001609505,1.0,0.9,0.9963622691904298,1.0,0.95
3,2025-03-03,20,Monday,learned_ranker,Evening,Weekday,0.9938088995781418,1.0,0.8,0.9945944396579566,1.0,0.9,0.9988579227314529,1.0,1.0
3,2025-03-03,21,Monday,learned_ranker,Late evening,Weekday,0.9984191712980546,1.0,1.0,0.9813987999080429,1.0,0.8,0.9937274488688026,1.0,0.95
3,2025-03-03,22,Monday,learned_ranker,Late evening,Weekday,0.9932989173484714,1.0,1.0,0.9895007652985012,1.0,0.9,0.9909243117862605,1.0,0.95
3,2025-03-03,23,Monday,learned_ranker,Late evening,Weekday,0.9502986009682304,1.0,0.6,0.9737579863136205,1.0,0.8,0.9782437206565978,1.0,0.9
3,2025-03-04,0,Tuesday,learned_ranker,Overnight,Weekday,0.9621112130924837,1.0,0.6,0.9713815037879482,1.0,0.6,0.9787249981593444,1.0,0.85
3,2025-03-04,1,Tuesday,learned_ranker,Overnight,Weekday,0.9277075170135296,1.0,0.6,0.9682119042682545,1.0,0.8,0.956706938468075,1.0,0.8
3,2025-03-04,2,Tuesday,learned_ranker,Overnight,Weekday,0.7437149667327645,1.0,0.4,0.8375087800420773,1.0,0.7,0.8639672558169599,1.0,0.7
3,2025-03-04,3,Tuesday,learned_ranker,Overnight,Weekday,0.9530604751002901,1.0,0.6,0.9089056554217855,1.0,0.6,0.9249647991787121,1.0,0.7
3,2025-03-04,4,Tuesday,learned_ranker,Overnight,Weekday,0.9423525474974735,1.0,0.8,0.9128028381075809,1.0,0.7,0.8841599073144396,1.0,0.7
3,2025-03-04,5,Tuesday,learned_ranker,Overnight,Weekday,0.981654548665717,1.0,0.8,0.9732785943985679,1.0,0.9,0.9820491286571488,1.0,0.8
3,2025-03-04,6,Tuesday,learned_ranker,Morning,Weekday,0.9874569252298373,1.0,0.8,0.9846796296577468,1.0,0.8,0.989768347879906,1.0,0.9
3,2025-03-04,7,Tuesday,learned_ranker,Morning,Weekday,0.9849742484821741,1.0,1.0,0.9815057071034323,1.0,0.9,0.9879118498028441,1.0,0.95
3,2025-03-04,8,Tuesday,learned_ranker,Morning,Weekday,0.9602376688123941,1.0,1.0,0.9685343180897594,1.0,0.9,0.9641869471862291,1.0,0.95
3,2025-03-04,9,Tuesday,learned_ranker,Morning,Weekday,0.9768637286558738,1.0,0.8,0.9770061809303783,1.0,0.8,0.9877866205418323,1.0,0.95
3,2025-03-04,10,Tuesday,learned_ranker,Midday,Weekday,0.9980483516193053,1.0,1.0,0.9932009752435846,1.0,0.9,0.9906300732523452,1.0,0.9
3,2025-03-04,11,Tuesday,learned_ranker,Midday,Weekday,0.9817582318640365,1.0,1.0,0.9855474683019204,1.0,1.0,0.9795006882293078,1.0,0.9
3,2025-03-04,12,Tuesday,learned_ranker,Midday,Weekday,0.9933495402298357,1.0,1.0,0.9877775287870656,1.0,0.8,0.9910953970503923,1.0,0.95
3,2025-03-04,13,Tuesday,learned_ranker,Midday,Weekday,0.9993664815607299,1.0,0.8,0.9854978253267627,1.0,0.8,0.9948194838977554,1.0,0.95
3,2025-03-04,14,Tuesday,learned_ranker,Midday,Weekday,0.9999589669729808,1.0,1.0,0.9871317507815938,1.0,0.9,0.9954499936196303,1.0,1.0
3,2025-03-04,15,Tuesday,learned_ranker,Midday,Weekday,1.0,1.0,1.0,0.9919343842074961,1.0,0.9,0.9973377646071125,1.0,1.0
3,2025-03-04,16,Tuesday,learned_ranker,Evening,Weekday,0.9966306610512372,1.0,1.0,0.9841656404400477,1.0,0.9,0.9929406446477441,1.0,0.9
3,2025-03-04,17,Tuesday,learned_ranker,Evening,Weekday,0.9643161208797094,1.0,0.8,0.9750034476837279,1.0,0.8,0.9824452463780715,1.0,0.85
3,2025-03-04,18,Tuesday,learned_ranker,Evening,Weekday,0.9923563333497698,1.0,1.0,0.989021501658058,1.0,0.9,0.9920392572630254,1.0,0.95
3,2025-03-04,19,Tuesday,learned_ranker,Evening,Weekday,0.9902257084010432,1.0,1.0,0.9897407475993348,1.0,0.9,0.9920663677816411,1.0,0.95
3,2025-03-04,20,Tuesday,learned_ranker,Evening,Weekday,0.9856471199768765,1.0,0.8,0.9824749884309184,1.0,0.9,0.990159416463253,1.0,0.95
3,2025-03-04,21,Tuesday,learned_ranker,Late evening,Weekday,0.9637634935635598,1.0,0.8,0.9860790108149194,1.0,0.8,0.9912654559162901,1.0,0.9
3,2025-03-04,22,Tuesday,learned_ranker,Late evening,Weekday,0.9683181577296742,1.0,0.8,0.9836785439181699,1.0,0.9,0.9889629899226122,1.0,0.95
3,2025-03-04,23,Tuesday,learned_ranker,Late evening,Weekday,0.9923378228414409,1.0,0.8,0.9821679798748195,1.0,0.8,0.9889262101620365,1.0,0.9
3,2025-03-05,0,Wednesday,learned_ranker,Overnight,Weekday,0.966110819128678,1.0,0.6,0.9722356447171523,1.0,0.8,0.9781564986922575,1.0,0.9
3,2025-03-05,1,Wednesday,learned_ranker,Overnight,Weekday,0.8928152534996884,1.0,0.4,0.9605270236974713,1.0,0.8,0.9622391061717994,1.0,0.95
3,2025-03-05,2,Wednesday,learned_ranker,Overnight,Weekday,0.846164271499611,1.0,0.8,0.870344426200894,1.0,0.8,0.8896796152241775,1.0,0.8
3,2025-03-05,3,Wednesday,learned_ranker,Overnight,Weekday,0.9764007722601474,1.0,1.0,0.9036628702761067,1.0,0.6,0.9027434691931632,1.0,0.65
3,2025-03-05,4,Wednesday,learned_ranker,Overnight,Weekday,0.9174768019278154,1.0,0.6,0.8897596994080954,1.0,0.5,0.8983645702113257,1.0,0.65
3,2025-03-05,5,Wednesday,learned_ranker,Overnight,Weekday,0.9662268075568077,1.0,0.8,0.9690268884954214,1.0,0.8,0.9780713215340523,1.0,0.85
3,2025-03-05,6,Wednesday,learned_ranker,Morning,Weekday,0.9611021432128658,1.0,0.4,0.9628825850521124,1.0,0.8,0.9803302571469349,1.0,0.9
3,2025-03-05,7,Wednesday,learned_ranker,Morning,Weekday,0.9982940600319169,1.0,1.0,0.9944501576948535,1.0,0.9,0.9863649608227185,1.0,0.9
3,2025-03-05,8,Wednesday,learned_ranker,Morning,Weekday,0.9724583319837187,1.0,0.8,0.9611667490157912,1.0,0.7,0.9851023943539412,1.0,0.95
3,2025-03-05,9,Wednesday,learned_ranker,Morning,Weekday,0.9894626456600062,1.0,1.0,0.9806019332519108,1.0,0.9,0.9869536764513138,1.0,0.95
3,2025-03-05,10,Wednesday,learned_ranker,Midday,Weekday,0.9888834941465902,1.0,0.8,0.9886409433013184,1.0,0.9,0.9907989162568953,1.0,0.95
3,2025-03-05,11,Wednesday,learned_ranker,Midday,Weekday,0.9789444900400649,1.0,0.8,0.9853362353372533,1.0,0.9,0.987266817892371,1.0,0.95
3,2025-03-05,12,Wednesday,learned_ranker,Midday,Weekday,0.948583137704042,1.0,1.0,0.9575496782024892,1.0,0.9,0.9641695351977373,1.0,0.95
3,2025-03-05,13,Wednesday,learned_ranker,Midday,Weekday,0.9924082924545495,1.0,0.8,0.9985563736852463,1.0,1.0,0.9943501685941505,1.0,0.95
3,2025-03-05,14,Wednesday,learned_ranker,Midday,Weekday,1.0,1.0,1.0,1.0,1.0,1.0,0.9999026931682791,1.0,0.95
3,2025-03-05,15,Wednesday,learned_ranker,Midday,Weekday,0.9989099060891297,1.0,1.0,0.9969458983055762,1.0,0.9,0.9917461625973013,1.0,0.9
3,2025-03-05,16,Wednesday,learned_ranker,Evening,Weekday,0.9502682472347579,1.0,0.8,0.9701488698528542,1.0,0.8,0.974357155744851,1.0,0.9
3,2025-03-05,17,Wednesday,learned_ranker,Evening,Weekday,0.9191103050688778,1.0,0.6,0.964049859310042,1.0,0.9,0.9808804935116913,1.0,0.9
3,2025-03-05,18,Wednesday,learned_ranker,Evening,Weekday,0.9032569286220902,1.0,0.6,0.9391836989495089,1.0,0.7,0.9643870760914495,1.0,0.9
3,2025-03-05,19,Wednesday,learned_ranker,Evening,Weekday,0.9901170965617642,1.0,0.8,0.9953251016641148,1.0,0.9,0.9927555287520781,1.0,0.9
3,2025-03-05,20,Wednesday,learned_ranker,Evening,Weekday,0.982120741665082,1.0,0.8,0.9823106100540444,1.0,0.9,0.9837508357170488,1.0,0.95
3,2025-03-05,21,Wednesday,learned_ranker,Late evening,Weekday,0.9959526882287663,1.0,1.0,0.9917858308725553,1.0,0.9,0.9889859328525438,1.0,0.9
3,2025-03-05,22,Wednesday,learned_ranker,Late evening,Weekday,0.9569314716056955,1.0,0.8,0.9864021806889031,1.0,0.8,0.9869683666442595,1.0,0.95
3,2025-03-05,23,Wednesday,learned_ranker,Late evening,Weekday,1.0,1.0,1.0,0.9908225953207306,1.0,0.9,0.9905649349237702,1.0,0.9
3,2025-03-06,0,Thursday,learned_ranker,Overnight,Weekday,0.9792365659431199,1.0,0.6,0.9751192071868665,1.0,0.7,0.9814473892456943,1.0,0.85
3,2025-03-06,1,Thursday,learned_ranker,Overnight,Weekday,0.9924869743043754,1.0,0.6,0.9892386114998519,1.0,0.7,0.9869253856676856,1.0,0.85
3,2025-03-06,2,Thursday,learned_ranker,Overnight,Weekday,0.7159369505954817,1.0,0.6,0.805196044367858,1.0,0.6,0.8138301410669588,1.0,0.8
3,2025-03-06,3,Thursday,learned_ranker,Overnight,Weekday,0.8593825452586077,1.0,0.8,0.8153476606927985,1.0,0.7,0.8250330032134767,1.0,0.55
3,2025-03-06,4,Thursday,learned_ranker,Overnight,Weekday,0.9336178784642155,1.0,0.6,0.9248914350377342,1.0,0.6,0.927151522594021,1.0,0.75
3,2025-03-06,5,Thursday,learned_ranker,Overnight,Weekday,0.9760489250153974,1.0,0.8,0.9678012618511085,1.0,0.7,0.945014356697978,1.0,0.75
3,2025-03-06,6,Thursday,learned_ranker,Morning,Weekday,0.946197372610394,1.0,0.4,0.9826910548890673,1.0,0.9,0.9764865633824615,1.0,0.85
3,2025-03-06,7,Thursday,learned_ranker,Morning,Weekday,0.9969601937192556,1.0,0.8,0.9896221024764982,1.0,0.8,0.9970249187989769,1.0,1.0
3,2025-03-06,8,Thursday,learned_ranker,Morning,Weekday,1.0,1.0,1.0,0.9885777509641638,1.0,0.8,0.9947812154049132,1.0,0.9
3,2025-03-06,9,Thursday,learned_ranker,Morning,Weekday,0.9754888061160368,1.0,0.6,0.9784394800980822,1.0,0.7,0.9907565761193058,1.0,0.9
3,2025-03-06,10,Thursday,learned_ranker,Midday,Weekday,0.9933956118235349,1.0,1.0,0.9870101426159743,1.0,0.9,0.9899580195983189,1.0,0.9
3,2025-03-06,11,Thursday,learned_ranker,Midday,Weekday,0.9999767025366009,1.0,1.0,0.9981099223746637,1.0,0.9,0.9990914067788172,1.0,1.0
3,2025-03-06,12,Thursday,learned_ranker,Midday,Weekday,0.9990758862216108,1.0,1.0,0.9984981084375302,1.0,1.0,0.9939029672159925,1.0,0.95
3,2025-03-06,13,Thursday,learned_ranker,Midday,Weekday,0.9624198195436863,1.0,1.0,0.9702700302098262,1.0,1.0,0.9648949210673904,1.0,0.85
3,2025-03-06,14,Thursday,learned_ranker,Midday,Weekday,1.0,1.0,1.0,0.9924473572658629,1.0,0.8,0.9979474206285623,1.0,0.95
3,2025-03-06,15,Thursday,learned_ranker,Midday,Weekday,0.9990108932452171,1.0,1.0,0.9915127160586155,1.0,0.8,0.9981963785214967,1.0,1.0
3,2025-03-06,16,Thursday,learned_ranker,Evening,Weekday,0.9827152439447395,1.0,0.8,0.9940023585267247,1.0,0.9,0.9953223414115052,1.0,0.9
3,2025-03-06,17,Thursday,learned_ranker,Evening,Weekday,0.9909554269045293,1.0,1.0,0.992540245253018,1.0,1.0,0.9923223797262709,1.0,0.95
3,2025-03-06,18,Thursday,learned_ranker,Evening,Weekday,0.9831279144103222,1.0,0.8,0.9889819437651168,1.0,0.9,0.9936715888877701,1.0,0.95
3,2025-03-06,19,Thursday,learned_ranker,Evening,Weekday,0.9919788980295386,1.0,1.0,0.9882532246497641,1.0,0.9,0.9910905075718819,1.0,0.9
3,2025-03-06,20,Thursday,learned_ranker,Evening,Weekday,0.9788269845724554,1.0,0.8,0.9863891584180953,1.0,1.0,0.9872372894479295,1.0,0.9
3,2025-03-06,21,Thursday,learned_ranker,Late evening,Weekday,0.9862790975171767,1.0,1.0,0.9840127533195253,1.0,0.9,0.9890042105177108,1.0,0.95
3,2025-03-06,22,Thursday,learned_ranker,Late evening,Weekday,0.989975772256345,1.0,0.8,0.9933240018098661,1.0,0.9,0.9953435362170792,1.0,0.95
3,2025-03-06,23,Thursday,learned_ranker,Late evening,Weekday,0.9815423729410648,1.0,1.0,0.9803840970806355,1.0,0.9,0.9788331649340517,1.0,0.9
3,2025-03-07,0,Friday,learned_ranker,Overnight,Weekday,0.9841571876771755,1.0,0.6,0.9711342802268329,1.0,0.8,0.9674132969056242,1.0,0.9
3,2025-03-07,1,Friday,learned_ranker,Overnight,Weekday,0.9441399249098223,1.0,0.8,0.9557999856606145,1.0,0.8,0.9733693457700365,1.0,0.9
3,2025-03-07,2,Friday,learned_ranker,Overnight,Weekday,0.73037540933696,1.0,0.6,0.8308801518698804,1.0,0.8,0.8749141682510566,1.0,0.85
3,2025-03-07,3,Friday,learned_ranker,Overnight,Weekday,0.9862667616539055,1.0,1.0,0.98149707753742,1.0,0.9,0.9579451537574241,1.0,0.8
3,2025-03-07,4,Friday,learned_ranker,Overnight,Weekday,0.8901060420340794,1.0,0.8,0.8669707399517421,1.0,0.5,0.9009555562640135,1.0,0.7
3,2025-03-07,5,Friday,learned_ranker,Overnight,Weekday,0.9993899684632173,1.0,0.8,0.9689681841543143,1.0,0.6,0.9774541072574642,1.0,0.8
3,2025-03-07,6,Friday,learned_ranker,Morning,Weekday,0.9916141680559537,1.0,0.8,0.9857534707349804,1.0,0.8,0.9879770860015161,1.0,0.9
3,2025-03-07,7,Friday,learned_ranker,Morning,Weekday,0.9869731110695859,1.0,0.8,0.9876886542302773,1.0,0.8,0.9925654663207484,1.0,0.95
3,2025-03-07,8,Friday,learned_ranker,Morning,Weekday,0.9532433303474515,1.0,1.0,0.9593835850424529,1.0,0.9,0.9656218063930037,1.0,0.85
3,2025-03-07,9,Friday,learned_ranker,Morning,Weekday,0.9928375467371153,1.0,0.8,0.9901602725518053,1.0,0.9,0.9926313449202733,1.0,0.95
3,2025-03-07,10,Friday,learned_ranker,Midday,Weekday,1.0,1.0,1.0,0.9984981880678937,1.0,0.9,0.9944521146075302,1.0,0.95
3,2025-03-07,11,Friday,learned_ranker,Midday,Weekday,0.9967710816778178,1.0,0.8,0.9970741665651472,1.0,1.0,0.9953725263522123,1.0,0.95
3,2025-03-07,12,Friday,learned_ranker,Midday,Weekday,0.9492679133705779,1.0,1.0,0.9543419509368255,1.0,0.9,0.9647355198250462,1.0,1.0
3,2025-03-07,13,Friday,learned_ranker,Midday,Weekday,1.0,1.0,1.0,0.9916932516957262,1.0,0.8,0.9968594934317698,1.0,0.9
3,2025-03-07,14,Friday,learned_ranker,Midday,Weekday,0.998528021593315,1.0,1.0,0.9970816742480015,1.0,0.9,0.9985633566316758,1.0,1.0
3,2025-03-07,15,Friday,learned_ranker,Midday,Weekday,0.9989471497407404,1.0,1.0,0.9936960793331949,1.0,0.9,0.99810538666967,1.0,0.95
3,2025-03-07,16,Friday,learned_ranker,Evening,Weekday,1.0,1.0,1.0,0.9988743439064578,1.0,0.9,0.996250384994792,1.0,0.95
3,2025-03-07,17,Friday,learned_ranker,Evening,Weekday,0.9999239201738908,1.0,1.0,0.9912248883772654,1.0,0.8,0.9930633980755658,1.0,0.9
3,2025-03-07,18,Friday,learned_ranker,Evening,Weekday,0.9871300030030525,1.0,0.8,0.9919462628940451,1.0,0.8,0.9949559747644996,1.0,0.9
3,2025-03-07,19,Friday,learned_ranker,Evening,Weekday,0.993402470663309,1.0,0.8,0.9972966430458721,1.0,1.0,0.994128415781347,1.0,0.9
3,2025-03-07,20,Friday,learned_ranker,Evening,Weekday,0.9939802361770728,1.0,0.8,0.986051489684879,1.0,0.8,0.986947562184495,1.0,0.9
3,2025-03-07,21,Friday,learned_ranker,Late evening,Weekday,0.9769556738341081,1.0,0.8,0.9733177341291663,1.0,0.9,0.9863386176248001,1.0,1.0
3,2025-03-07,22,Friday,learned_ranker,Late evening,Weekday,0.9592068114461852,1.0,0.8,0.9670328244729974,1.0,0.9,0.9666605491666811,1.0,0.9
3,2025-03-07,23,Friday,learned_ranker,Late evening,Weekday,0.9762078312484254,1.0,0.8,0.9832142335687015,1.0,0.9,0.9817431180519076,1.0,0.9
3,2025-03-08,0,Saturday,learned_ranker,Overnight,Weekend,0.9768262692903777,1.0,0.8,0.9340965683048943,1.0,0.7,0.9592723584515747,1.0,0.9
3,2025-03-08,1,Saturday,learned_ranker,Overnight,Weekend,0.9978585451859713,1.0,1.0,0.990849210350643,1.0,0.8,0.9935185146914887,1.0,0.95
3,2025-03-08,2,Saturday,learned_ranker,Overnight,Weekend,0.9941301164657557,1.0,1.0,0.9862575150671273,1.0,0.8,0.9919977238145667,1.0,0.9
3,2025-03-08,3,Saturday,learned_ranker,Overnight,Weekend,1.0,1.0,1.0,0.9929264006034965,1.0,0.7,0.9931730487377162,1.0,0.9
3,2025-03-08,4,Saturday,learned_ranker,Overnight,Weekend,0.9973548597996299,1.0,0.8,0.996551845897158,1.0,0.9,0.9639643399401792,1.0,0.8
3,2025-03-08,5,Saturday,learned_ranker,Overnight,Weekend,0.9988982269096743,1.0,1.0,0.9540516620876643,1.0,0.8,0.941942377539738,1.0,0.7
3,2025-03-08,6,Saturday,learned_ranker,Morning,Weekend,0.959783298864932,1.0,0.4,0.9712038147634215,1.0,0.8,0.9467938419507835,1.0,0.75
3,2025-03-08,7,Saturday,learned_ranker,Morning,Weekend,0.9789544343740566,1.0,0.6,0.9861757209216353,1.0,0.7,0.9809693470961072,1.0,0.85
3,2025-03-08,8,Saturday,learned_ranker,Morning,Weekend,0.964083708262588,1.0,0.8,0.9622920733562632,1.0,0.7,0.9864506328959498,1.0,0.95
3,2025-03-08,9,Saturday,learned_ranker,Morning,Weekend,0.9888591556169186,1.0,0.8,0.9898937859143404,1.0,0.8,0.9950471000422296,1.0,1.0
3,2025-03-08,10,Saturday,learned_ranker,Midday,Weekend,0.9662127940699312,1.0,0.6,0.9791511211345786,1.0,0.8,0.9900315054028513,1.0,0.95
3,2025-03-08,11,Saturday,learned_ranker,Midday,Weekend,0.9999403849103394,1.0,1.0,0.9920997434811755,1.0,0.9,0.996340352425949,1.0,0.95
3,2025-03-08,12,Saturday,learned_ranker,Midday,Weekend,0.9926458720568686,1.0,1.0,0.988392767179739,1.0,0.9,0.9808282997589362,1.0,0.85
3,2025-03-08,13,Saturday,learned_ranker,Midday,Weekend,0.9556278780408124,1.0,0.6,0.9710170021390649,1.0,0.8,0.9810646600643895,1.0,0.85
3,2025-03-08,14,Saturday,learned_ranker,Midday,Weekend,0.9902343265810006,1.0,0.8,0.9936942837755113,1.0,0.9,0.9950401510833333,1.0,0.9
3,2025-03-08,15,Saturday,learned_ranker,Midday,Weekend,0.9820106236145303,1.0,0.8,0.9691377115749397,1.0,0.7,0.9903387150791558,1.0,0.95
3,2025-03-08,16,Saturday,learned_ranker,Evening,Weekend,0.9778175549513785,1.0,0.6,0.9848126319064485,1.0,0.8,0.9929148491802057,1.0,0.9
3,2025-03-08,17,Saturday,learned_ranker,Evening,Weekend,0.9808387633418574,1.0,0.8,0.9935388530546401,1.0,0.8,0.9928441176834758,1.0,0.9
3,2025-03-08,18,Saturday,learned_ranker,Evening,Weekend,0.9563004240893949,1.0,0.6,0.9737178102052507,1.0,0.8,0.9812867879571546,1.0,0.9
3,2025-03-08,19,Saturday,learned_ranker,Evening,Weekend,0.9962321348788779,1.0,1.0,0.9860209128399733,1.0,0.7,0.9931880175613961,1.0,0.95
3,2025-03-08,20,Saturday,learned_ranker,Evening,Weekend,0.9863056566422206,1.0,0.8,0.9827183287178126,1.0,0.6,0.982265157633689,1.0,0.85
3,2025-03-08,21,Saturday,learned_ranker,Late evening,Weekend,0.966179137584087,1.0,0.8,0.9881129268730414,1.0,0.9,0.9807106411944985,1.0,0.85
3,2025-03-08,22,Saturday,learned_ranker,Late evening,Weekend,0.9920165792215899,1.0,1.0,0.9755388828634252,1.0,0.8,0.9827320944922986,1.0,0.85
3,2025-03-08,23,Saturday,learned_ranker,Late evening,Weekend,0.9975535511623096,1.0,0.8,0.9816281501842175,1.0,0.8,0.9959093381560855,1.0,1.0
3,2025-03-09,0,Sunday,learned_ranker,Overnight,Weekend,0.9849865480049801,1.0,0.8,0.974035086532859,1.0,0.7,0.9858793931581913,1.0,0.95
3,2025-03-09,1,Sunday,learned_ranker,Overnight,Weekend,0.9713874953847335,1.0,0.8,0.9826513567314745,1.0,0.8,0.9844759986919505,1.0,0.95
3,2025-03-09,3,Sunday,learned_ranker,Overnight,Weekend,1.0,1.0,1.0,0.9882201634172443,1.0,0.8,0.9880347865180497,1.0,0.95
3,2025-03-09,4,Sunday,learned_ranker,Overnight,Weekend,0.9517715915011792,1.0,0.8,0.950020881294501,1.0,0.8,0.9528320088859275,1.0,0.75
3,2025-03-09,5,Sunday,learned_ranker,Overnight,Weekend,0.8029140001473078,1.0,0.8,0.7853594681339194,1.0,0.6,0.8310578542533044,1.0,0.7
3,2025-03-09,6,Sunday,learned_ranker,Morning,Weekend,0.9984411723409514,1.0,0.8,0.9649687506998953,1.0,0.6,0.9438509897371998,1.0,0.65
3,2025-03-09,7,Sunday,learned_ranker,Morning,Weekend,0.9734530295820708,1.0,0.6,0.9698939968412836,1.0,0.7,0.9595973174048452,1.0,0.75
3,2025-03-09,8,Sunday,learned_ranker,Morning,Weekend,0.9845348836662624,1.0,0.8,0.9845175363702671,1.0,0.9,0.9832209271769786,1.0,0.9
3,2025-03-09,9,Sunday,learned_ranker,Morning,Weekend,0.9934533223927641,1.0,0.8,0.9932192353939675,1.0,0.9,0.9901703954248856,1.0,0.95
3,2025-03-09,10,Sunday,learned_ranker,Midday,Weekend,0.9976521362585757,1.0,0.8,0.9837758889414142,1.0,0.8,0.9952103639696485,1.0,0.95
3,2025-03-09,11,Sunday,learned_ranker,Midday,Weekend,0.9742569503977252,1.0,0.8,0.9771327474637822,1.0,0.8,0.9872755354074669,1.0,0.95
3,2025-03-09,12,Sunday,learned_ranker,Midday,Weekend,0.9881536691130095,1.0,0.6,0.9907448290330743,1.0,0.9,0.9913076951970714,1.0,0.9
3,2025-03-09,13,Sunday,learned_ranker,Midday,Weekend,0.9855353344534791,1.0,0.8,0.9951141997586047,1.0,0.9,0.9956303313122964,1.0,0.95
3,2025-03-09,14,Sunday,learned_ranker,Midday,Weekend,0.9966023602827162,1.0,0.8,0.996809122256079,1.0,0.9,0.993134214443275,1.0,0.85
3,2025-03-09,15,Sunday,learned_ranker,Midday,Weekend,0.9765082934959299,1.0,0.6,0.9950830365669815,1.0,0.9,0.9919308757734485,1.0,0.85
3,2025-03-09,16,Sunday,learned_ranker,Evening,Weekend,0.9877122912328573,1.0,0.6,0.9957364497092416,1.0,1.0,0.9935860710019626,1.0,0.9
3,2025-03-09,17,Sunday,learned_ranker,Evening,Weekend,0.999462603648259,1.0,0.8,0.9974150795165138,1.0,0.9,0.9920867940966942,1.0,0.85
3,2025-03-09,18,Sunday,learned_ranker,Evening,Weekend,0.9971737486192952,1.0,0.8,0.9906413866452684,1.0,0.9,0.9904131057128799,1.0,0.85
3,2025-03-09,19,Sunday,learned_ranker,Evening,Weekend,0.9926901941169234,1.0,0.8,0.9876452081452989,1.0,0.8,0.9943219709518564,1.0,0.95
3,2025-03-09,20,Sunday,learned_ranker,Evening,Weekend,0.994324280027678,1.0,0.8,0.993917116607343,1.0,0.8,0.9968506879836585,1.0,0.9
3,2025-03-09,21,Sunday,learned_ranker,Late evening,Weekend,0.9934165322789514,1.0,0.6,0.9931671100575411,1.0,0.8,0.9957887444567833,1.0,0.9
3,2025-03-09,22,Sunday,learned_ranker,Late evening,Weekend,0.9822252231150336,1.0,0.6,0.9871860615658093,1.0,0.7,0.990539995995644,1.0,0.9
3,2025-03-09,23,Sunday,learned_ranker,Late evening,Weekend,0.9627202601295016,1.0,0.6,0.9756913605858807,1.0,0.9,0.9799493586855584,1.0,0.8
4,2025-03-17,0,Monday,learned_ranker,Overnight,Weekday,0.9793240001174393,1.0,0.6,0.9946015094076165,1.0,1.0,0.9939686426257165,1.0,0.85
4,2025-03-17,1,Monday,learned_ranker,Overnight,Weekday,0.9814700474090594,1.0,0.6,0.9920948195307663,1.0,0.9,0.9879058490066668,1.0,0.8
4,2025-03-17,2,Monday,learned_ranker,Overnight,Weekday,0.9942010784899196,1.0,0.8,0.9924131207403388,1.0,0.9,0.9857943358725424,1.0,0.65
4,2025-03-17,3,Monday,learned_ranker,Overnight,Weekday,0.9879046546197886,1.0,0.6,0.9870551922569515,1.0,0.8,0.9749730281761229,1.0,0.55
4,2025-03-17,4,Monday,learned_ranker,Overnight,Weekday,0.9512997891626396,1.0,0.6,0.9318856523699465,1.0,0.5,0.9505600907127336,1.0,0.75
4,2025-03-17,5,Monday,learned_ranker,Overnight,Weekday,0.9865857883460636,1.0,0.8,0.9731648140190448,1.0,0.9,0.9673702718170449,1.0,0.75
4,2025-03-17,6,Monday,learned_ranker,Morning,Weekday,0.9830134626321668,1.0,0.8,0.9852154867583265,1.0,0.8,0.9803239878516312,1.0,0.85
4,2025-03-17,7,Monday,learned_ranker,Morning,Weekday,0.9862786335695427,1.0,0.8,0.9820170676420368,1.0,0.8,0.9933797483132664,1.0,0.95
4,2025-03-17,8,Monday,learned_ranker,Morning,Weekday,0.9979061583405554,1.0,1.0,0.990860370566935,1.0,0.8,0.991110218075081,1.0,0.9
4,2025-03-17,9,Monday,learned_ranker,Morning,Weekday,1.0,1.0,1.0,0.9899116290415467,1.0,0.8,0.9963615326178262,1.0,0.95
4,2025-03-17,10,Monday,learned_ranker,Midday,Weekday,0.9615698047467703,1.0,0.6,0.9770958907079282,1.0,0.7,0.9861487210058836,1.0,0.95
4,2025-03-17,11,Monday,learned_ranker,Midday,Weekday,0.9607947683931906,1.0,0.8,0.9733792074639317,1.0,0.8,0.9831428892000711,1.0,0.85
4,2025-03-17,12,Monday,learned_ranker,Midday,Weekday,0.9572624809374004,1.0,0.8,0.9689982793189357,1.0,0.8,0.9832794997957878,1.0,0.9
4,2025-03-17,13,Monday,learned_ranker,Midday,Weekday,0.9402030651218002,1.0,0.8,0.948248891728992,1.0,0.8,0.9499479787254198,1.0,0.85
4,2025-03-17,14,Monday,learned_ranker,Midday,Weekday,0.9734731071862264,1.0,0.8,0.9676438574144768,1.0,0.7,0.9788463825110013,1.0,0.9
4,2025-03-17,15,Monday,learned_ranker,Midday,Weekday,1.0,1.0,1.0,0.9975225355662714,1.0,0.9,0.9945126108624246,1.0,0.9
4,2025-03-17,16,Monday,learned_ranker,Evening,Weekday,0.9974664569407788,1.0,1.0,0.9925106374422402,1.0,0.8,0.9912456458559736,1.0,0.85
4,2025-03-17,17,Monday,learned_ranker,Evening,Weekday,0.9867018805880047,1.0,0.8,0.9954835247941181,1.0,0.9,0.9959833775137145,1.0,0.9
4,2025-03-17,18,Monday,learned_ranker,Evening,Weekday,0.9928625419656508,1.0,0.8,0.9887015548758534,1.0,0.8,0.9949601490771747,1.0,0.95
4,2025-03-17,19,Monday,learned_ranker,Evening,Weekday,0.9863001972858321,1.0,0.8,0.996161216303513,1.0,0.9,0.9938250277240798,1.0,0.9
4,2025-03-17,20,Monday,learned_ranker,Evening,Weekday,0.9976781644321392,1.0,0.8,0.9804449198702185,1.0,0.7,0.994298592415656,1.0,0.9
4,2025-03-17,21,Monday,learned_ranker,Late evening,Weekday,0.9801966348805947,1.0,0.8,0.9975649930889365,1.0,1.0,0.9944354459081886,1.0,0.95
4,2025-03-17,22,Monday,learned_ranker,Late evening,Weekday,0.9994704255808917,1.0,1.0,0.9782637958869828,1.0,0.8,0.99456164221419,1.0,1.0
4,2025-03-17,23,Monday,learned_ranker,Late evening,Weekday,0.9870992214126368,1.0,0.8,0.9931904246751734,1.0,0.9,0.9908941806054404,1.0,0.9
4,2025-03-18,0,Tuesday,learned_ranker,Overnight,Weekday,0.9878189887051748,1.0,0.8,0.9885115565266429,1.0,0.8,0.9848447788316105,1.0,0.85
4,2025-03-18,1,Tuesday,learned_ranker,Overnight,Weekday,0.954804434488256,1.0,0.6,0.9558615555087868,1.0,0.8,0.9485976634998061,1.0,0.75
4,2025-03-18,2,Tuesday,learned_ranker,Overnight,Weekday,0.779692890681617,1.0,0.4,0.8718744812670478,1.0,0.7,0.8797118906342055,1.0,0.75
4,2025-03-18,3,Tuesday,learned_ranker,Overnight,Weekday,0.8662420428986983,1.0,0.8,0.8177416320038077,1.0,0.7,0.8097643720692296,1.0,0.6
4,2025-03-18,4,Tuesday,learned_ranker,Overnight,Weekday,0.9372881204986574,1.0,0.6,0.9050094232120968,1.0,0.6,0.9257145606118228,1.0,0.65
4,2025-03-18,5,Tuesday,learned_ranker,Overnight,Weekday,0.9779237194159519,1.0,0.8,0.9657296067283296,1.0,0.7,0.9766467894779122,1.0,0.85
4,2025-03-18,6,Tuesday,learned_ranker,Morning,Weekday,0.9814069972779944,1.0,0.6,0.9882760629595367,1.0,0.8,0.9879220642697498,1.0,0.85
4,2025-03-18,7,Tuesday,learned_ranker,Morning,Weekday,0.9843749951151712,1.0,0.8,0.9905786947536885,1.0,0.9,0.9935290905999646,1.0,0.95
4,2025-03-18,8,Tuesday,learned_ranker,Morning,Weekday,0.9391407438841136,1.0,0.8,0.9550486311584394,1.0,1.0,0.9551766929508042,1.0,0.95
4,2025-03-18,9,Tuesday,learned_ranker,Morning,Weekday,0.9903536065736915,1.0,1.0,0.9889041695505754,1.0,0.9,0.9910173197051076,1.0,0.95
4,2025-03-18,10,Tuesday,learned_ranker,Midday,Weekday,0.9925562472781692,1.0,1.0,0.9939960408592371,1.0,1.0,0.9912728331587695,1.0,0.85
4,2025-03-18,11,Tuesday,learned_ranker,Midday,Weekday,0.9970745569976905,1.0,0.8,0.9942959419819288,1.0,0.9,0.9953485701289261,1.0,0.95
4,2025-03-18,12,Tuesday,learned_ranker,Midday,Weekday,0.9793186523319608,1.0,1.0,0.9836409347821821,1.0,0.9,0.9818876896402329,1.0,0.9
4,2025-03-18,13,Tuesday,learned_ranker,Midday,Weekday,0.9708524534864277,1.0,1.0,0.9768407712497242,1.0,1.0,0.9808251394953128,1.0,1.0
4,2025-03-18,14,Tuesday,learned_ranker,Midday,Weekday,1.0,1.0,1.0,0.9998516015714229,1.0,1.0,0.9978153741309406,1.0,0.95
4,2025-03-18,15,Tuesday,learned_ranker,Midday,Weekday,1.0,1.0,1.0,0.9998017908283613,1.0,1.0,0.9979293290506271,1.0,0.95
4,2025-03-18,16,Tuesday,learned_ranker,Evening,Weekday,0.9963719331085593,1.0,0.8,0.9995889227888888,1.0,1.0,0.9960794229994884,1.0,0.9
4,2025-03-18,17,Tuesday,learned_ranker,Evening,Weekday,1.0,1.0,1.0,0.9930916429411288,1.0,0.9,0.9993747524149943,1.0,0.95
4,2025-03-18,18,Tuesday,learned_ranker,Evening,Weekday,0.9886661370349641,1.0,1.0,0.983839851037459,1.0,0.9,0.9908335903992522,1.0,0.95
4,2025-03-18,19,Tuesday,learned_ranker,Evening,Weekday,0.9979961515881843,1.0,0.8,0.9877451046694863,1.0,0.8,0.9947550393139454,1.0,0.95
4,2025-03-18,20,Tuesday,learned_ranker,Evening,Weekday,0.9890711931825821,1.0,1.0,0.9891176831517803,1.0,0.9,0.9901490708967845,1.0,0.95
4,2025-03-18,21,Tuesday,learned_ranker,Late evening,Weekday,0.983404393391057,1.0,0.8,0.9884500069533083,1.0,0.8,0.9921436883254219,1.0,0.9
4,2025-03-18,22,Tuesday,learned_ranker,Late evening,Weekday,0.9961934110639389,1.0,1.0,0.9862766968811808,1.0,0.8,0.9930864178378163,1.0,0.95
4,2025-03-18,23,Tuesday,learned_ranker,Late evening,Weekday,0.9970898295202146,1.0,0.8,0.9937661839146178,1.0,0.9,0.994370932574498,1.0,0.95
4,2025-03-19,0,Wednesday,learned_ranker,Overnight,Weekday,0.994332449170373,1.0,0.8,0.9965790627047117,1.0,0.9,0.9895227264069049,1.0,0.85
4,2025-03-19,1,Wednesday,learned_ranker,Overnight,Weekday,0.9281836504229198,1.0,0.8,0.9451675556666175,1.0,0.8,0.9431179208538991,1.0,0.8
4,2025-03-19,2,Wednesday,learned_ranker,Overnight,Weekday,0.823905739918396,1.0,0.6,0.8049740214677309,1.0,0.6,0.8326391061903241,1.0,0.75
4,2025-03-19,3,Wednesday,learned_ranker,Overnight,Weekday,0.6999359923918463,1.0,0.6,0.7197483382526539,1.0,0.7,0.7100156890798822,1.0,0.65
4,2025-03-19,4,Wednesday,learned_ranker,Overnight,Weekday,0.7330317642912745,1.0,0.4,0.714873868596945,1.0,0.4,0.767844522240302,1.0,0.6
4,2025-03-19,5,Wednesday,learned_ranker,Overnight,Weekday,0.9854545922098686,1.0,1.0,0.9851123837994535,1.0,0.9,0.9798064370068671,1.0,0.85
4,2025-03-19,6,Wednesday,learned_ranker,Morning,Weekday,0.9615683461873378,1.0,0.6,0.9661429216812618,1.0,0.8,0.9797280568586522,1.0,0.85
4,2025-03-19,7,Wednesday,learned_ranker,Morning,Weekday,0.9780563571115926,1.0,0.8,0.9846696690659674,1.0,0.7,0.9898530460098856,1.0,0.9
4,2025-03-19,8,Wednesday,learned_ranker,Morning,Weekday,0.9696693410230836,1.0,0.8,0.9763749615239677,1.0,0.8,0.980815719676129,1.0,0.9
4,2025-03-19,9,Wednesday,learned_ranker,Morning,Weekday,0.9895715812756036,1.0,0.8,0.9815100736888289,1.0,0.8,0.9950485500518851,1.0,0.95
4,2025-03-19,10,Wednesday,learned_ranker,Midday,Weekday,0.9997629118577868,1.0,1.0,0.9926689422998433,1.0,0.9,0.9935982031374042,1.0,0.9
4,2025-03-19,11,Wednesday,learned_ranker,Midday,Weekday,0.9899628672076307,1.0,0.8,0.9879828988522176,1.0,0.9,0.9944848746607843,1.0,0.9
4,2025-03-19,12,Wednesday,learned_ranker,Midday,Weekday,0.9732015785328314,1.0,0.8,0.9794453818601545,1.0,1.0,0.9815077623003484,1.0,0.95
4,2025-03-19,13,Wednesday,learned_ranker,Midday,Weekday,0.9700596379767576,1.0,0.8,0.9826601920272033,1.0,1.0,0.9819214748522936,1.0,0.95
4,2025-03-19,14,Wednesday,learned_ranker,Midday,Weekday,0.9888843102574669,1.0,0.8,0.9912446598420847,1.0,0.9,0.9937011652790677,1.0,0.9
4,2025-03-19,15,Wednesday,learned_ranker,Midday,Weekday,0.9844593880428472,1.0,0.8,0.9962576432029835,1.0,0.9,0.9934452815411087,1.0,0.85
4,2025-03-19,16,Wednesday,learned_ranker,Evening,Weekday,0.999590856459191,1.0,1.0,0.997544150290726,1.0,0.9,0.995338063253426,1.0,0.95
4,2025-03-19,17,Wednesday,learned_ranker,Evening,Weekday,1.0,1.0,1.0,0.9985038068361677,1.0,0.9,0.9965599793812179,1.0,0.95
4,2025-03-19,18,Wednesday,learned_ranker,Evening,Weekday,1.0,1.0,1.0,0.9932373893050592,1.0,0.9,0.9950035384900764,1.0,0.95
4,2025-03-19,19,Wednesday,learned_ranker,Evening,Weekday,0.993702241153198,1.0,1.0,0.991624141013418,1.0,0.9,0.9926546667393344,1.0,0.9
4,2025-03-19,20,Wednesday,learned_ranker,Evening,Weekday,0.9858913783351383,1.0,0.8,0.9861239943236088,1.0,0.9,0.9921944525866226,1.0,1.0
4,2025-03-19,21,Wednesday,learned_ranker,Late evening,Weekday,0.9331483669821976,1.0,0.6,0.9410182204994966,1.0,0.8,0.9633956938903095,1.0,0.95
4,2025-03-19,22,Wednesday,learned_ranker,Late evening,Weekday,0.9969220195572451,1.0,1.0,0.979327519300845,1.0,0.8,0.9938797804287144,1.0,0.95
4,2025-03-19,23,Wednesday,learned_ranker,Late evening,Weekday,0.9997988239327616,1.0,1.0,0.9904218201043233,1.0,0.8,0.9958787415785045,1.0,0.9
4,2025-03-20,0,Thursday,learned_ranker,Overnight,Weekday,0.9612231169046573,1.0,0.6,0.9804344461274274,1.0,0.8,0.9797243486961041,1.0,0.8
4,2025-03-20,1,Thursday,learned_ranker,Overnight,Weekday,0.9616831845741153,1.0,0.8,0.9750097636413684,1.0,0.7,0.9822860681581582,1.0,0.9
4,2025-03-20,2,Thursday,learned_ranker,Overnight,Weekday,0.9739908815480349,1.0,0.8,0.9450595852399607,1.0,0.8,0.9381713531710796,1.0,0.8
4,2025-03-20,3,Thursday,learned_ranker,Overnight,Weekday,0.9514023008842647,1.0,0.8,0.9499739500647453,1.0,0.8,0.9229586761925975,1.0,0.75
4,2025-03-20,4,Thursday,learned_ranker,Overnight,Weekday,0.7497958167760808,1.0,0.6,0.7471783657568402,1.0,0.4,0.8106199715530517,1.0,0.75
4,2025-03-20,5,Thursday,learned_ranker,Overnight,Weekday,1.0,1.0,1.0,0.9593599541452829,1.0,0.7,0.9760704483789095,1.0,0.8
4,2025-03-20,6,Thursday,learned_ranker,Morning,Weekday,0.9827225522470027,1.0,0.6,0.9735308563753645,1.0,0.8,0.9893910107114295,1.0,0.95
4,2025-03-20,7,Thursday,learned_ranker,Morning,Weekday,0.9848613880749553,1.0,0.8,0.9838019371491278,1.0,0.8,0.9929490658903062,1.0,0.95
4,2025-03-20,8,Thursday,learned_ranker,Morning,Weekday,0.9303273049302787,1.0,0.8,0.9211402231209136,1.0,0.6,0.9628109892901684,1.0,0.95
4,2025-03-20,9,Thursday,learned_ranker,Morning,Weekday,0.9731612250196603,1.0,0.8,0.9816310519346484,1.0,1.0,0.9851352271464273,1.0,1.0
4,2025-03-20,10,Thursday,learned_ranker,Midday,Weekday,0.9958484790224356,1.0,1.0,0.9955359826454278,1.0,0.9,0.9913964967772785,1.0,0.95
4,2025-03-20,11,Thursday,learned_ranker,Midday,Weekday,0.9740429831081284,1.0,0.8,0.9865161243798017,1.0,1.0,0.985050424841721,1.0,0.9
4,2025-03-20,12,Thursday,learned_ranker,Midday,Weekday,0.9826194161998195,1.0,0.8,0.9849276797898867,1.0,0.9,0.9880733225411912,1.0,0.95
4,2025-03-20,13,Thursday,learned_ranker,Midday,Weekday,0.9908504645497017,1.0,0.8,0.9980468995409354,1.0,1.0,0.9937890977788574,1.0,0.9
4,2025-03-20,14,Thursday,learned_ranker,Midday,Weekday,0.9940859202254947,1.0,0.8,0.9990785545566961,1.0,1.0,0.9977469563705071,1.0,0.95
4,2025-03-20,15,Thursday,learned_ranker,Midday,Weekday,0.9802938683334119,1.0,0.8,0.9925124569220442,1.0,0.9,0.9934289694552328,1.0,0.95
4,2025-03-20,16,Thursday,learned_ranker,Evening,Weekday,1.0,1.0,1.0,0.9935549525241585,1.0,0.9,0.9930296055496515,1.0,0.9
4,2025-03-20,17,Thursday,learned_ranker,Evening,Weekday,0.9987739853903509,1.0,1.0,0.9909987121400278,1.0,0.9,0.9957494476436992,1.0,0.95
4,2025-03-20,18,Thursday,learned_ranker,Evening,Weekday,0.9727385910480164,1.0,0.8,0.9797540177213435,1.0,0.9,0.9845162487997778,1.0,0.95
4,2025-03-20,19,Thursday,learned_ranker,Evening,Weekday,0.9852632204068056,1.0,0.8,0.9796709051206763,1.0,0.8,0.9917395540316996,1.0,0.85
4,2025-03-20,20,Thursday,learned_ranker,Evening,Weekday,0.9862978733501552,1.0,0.8,0.9909630469725054,1.0,0.8,0.9922902681679803,1.0,0.95
4,2025-03-20,21,Thursday,learned_ranker,Late evening,Weekday,0.9789312138948636,1.0,0.8,0.9945318132306857,1.0,0.8,0.9886821746534638,1.0,0.9
4,2025-03-20,22,Thursday,learned_ranker,Late evening,Weekday,0.9745956203981493,1.0,0.6,0.9871040524647229,1.0,0.9,0.9937691563938814,1.0,1.0
4,2025-03-20,23,Thursday,learned_ranker,Late evening,Weekday,0.9882761064570398,1.0,0.8,0.9925794126120272,1.0,0.9,0.9948681742177007,1.0,0.95
4,2025-03-21,0,Friday,learned_ranker,Overnight,Weekday,0.9742989500509508,1.0,0.6,0.9908009399324329,1.0,0.9,0.9897102141823982,1.0,0.9
4,2025-03-21,1,Friday,learned_ranker,Overnight,Weekday,0.9982940922368406,1.0,1.0,0.9922161471363896,1.0,0.7,0.9892332391150113,1.0,0.85
4,2025-03-21,2,Friday,learned_ranker,Overnight,Weekday,0.11884766228059325,1.0,0.6,0.4547377235683226,1.0,0.8,0.4698132931149312,1.0,0.85
4,2025-03-21,3,Friday,learned_ranker,Overnight,Weekday,0.9961790418239593,1.0,0.8,0.9744240495426991,1.0,0.7,0.9780871368179521,1.0,0.8
4,2025-03-21,4,Friday,learned_ranker,Overnight,Weekday,0.8284659632944409,1.0,0.6,0.8091358224573328,1.0,0.6,0.878416537881848,1.0,0.9
4,2025-03-21,5,Friday,learned_ranker,Overnight,Weekday,0.9742059692156596,1.0,0.6,0.9609618608901791,1.0,0.7,0.9712532479098966,1.0,0.8
4,2025-03-21,6,Friday,learned_ranker,Morning,Weekday,0.9640803338984343,1.0,0.8,0.9567192747906017,1.0,0.8,0.9726974127623802,1.0,0.9
4,2025-03-21,7,Friday,learned_ranker,Morning,Weekday,0.980603360696884,1.0,0.8,0.9815285742488098,1.0,0.7,0.9858902577098881,1.0,0.9
4,2025-03-21,8,Friday,learned_ranker,Morning,Weekday,0.9787847094730387,1.0,0.6,0.976473261089671,1.0,0.9,0.9860601221271527,1.0,0.85
4,2025-03-21,9,Friday,learned_ranker,Morning,Weekday,0.9291624845392699,1.0,0.6,0.9703851464975687,1.0,0.9,0.9780463205880815,1.0,1.0
4,2025-03-21,10,Friday,learned_ranker,Midday,Weekday,0.9819888471701891,1.0,0.8,0.9927005003824535,1.0,0.9,0.9920569484718829,1.0,0.9
4,2025-03-21,11,Friday,learned_ranker,Midday,Weekday,0.9831662194672687,1.0,1.0,0.9865587497267471,1.0,1.0,0.9827970684773898,1.0,0.95
4,2025-03-21,12,Friday,learned_ranker,Midday,Weekday,0.9991832067662327,1.0,1.0,0.9954037050012323,1.0,0.9,0.9971204854010685,1.0,0.95
4,2025-03-21,13,Friday,learned_ranker,Midday,Weekday,0.9871226126300896,1.0,0.8,0.9894434305277764,1.0,0.9,0.9913810364319844,1.0,0.95
4,2025-03-21,14,Friday,learned_ranker,Midday,Weekday,1.0,1.0,1.0,0.9944066538820515,1.0,0.9,0.9958608746522081,1.0,0.9
4,2025-03-21,15,Friday,learned_ranker,Midday,Weekday,1.0,1.0,1.0,0.9984566645813631,1.0,0.9,0.9969954877185643,1.0,0.9
4,2025-03-21,16,Friday,learned_ranker,Evening,Weekday,0.9945201603112875,1.0,0.8,0.9987444491173293,1.0,0.9,0.9959118834556825,1.0,0.9
4,2025-03-21,17,Friday,learned_ranker,Evening,Weekday,0.9990566595482071,1.0,1.0,0.9920058394629205,1.0,0.8,0.9936641818025106,1.0,0.9
4,2025-03-21,18,Friday,learned_ranker,Evening,Weekday,1.0,1.0,1.0,0.9994779964671937,1.0,1.0,0.9910860376548951,1.0,0.85
4,2025-03-21,19,Friday,learned_ranker,Evening,Weekday,0.9845499303298034,1.0,0.6,0.9979541770763087,1.0,1.0,0.9954926039372688,1.0,0.9
4,2025-03-21,20,Friday,learned_ranker,Evening,Weekday,0.9868179122986275,1.0,0.6,0.9905234672813721,1.0,0.8,0.9920994340742505,1.0,0.9
4,2025-03-21,21,Friday,learned_ranker,Late evening,Weekday,0.978268612583043,1.0,0.8,0.979748888176212,1.0,0.9,0.9894165904385758,1.0,0.95
4,2025-03-21,22,Friday,learned_ranker,Late evening,Weekday,0.989784005083554,1.0,0.8,0.9907802097874318,1.0,0.9,0.9918779027971787,1.0,0.9
4,2025-03-21,23,Friday,learned_ranker,Late evening,Weekday,0.9917271987932863,1.0,0.8,0.9896819484056137,1.0,0.9,0.9949553836866681,1.0,1.0
4,2025-03-22,0,Saturday,learned_ranker,Overnight,Weekend,0.9448846442817705,1.0,0.8,0.9170680366777849,1.0,0.7,0.97329017542377,1.0,1.0
4,2025-03-22,1,Saturday,learned_ranker,Overnight,Weekend,0.9810720414752468,1.0,0.8,0.9952498155407855,1.0,1.0,0.9897511552661757,1.0,0.9
4,2025-03-22,2,Saturday,learned_ranker,Overnight,Weekend,0.9756170737394485,1.0,1.0,0.9732512036629383,1.0,0.8,0.9678369111519557,1.0,0.85
4,2025-03-22,3,Saturday,learned_ranker,Overnight,Weekend,0.9643584400775927,1.0,0.8,0.9516980880224631,1.0,0.9,0.9639873677553573,1.0,0.85
4,2025-03-22,4,Saturday,learned_ranker,Overnight,Weekend,1.0,1.0,1.0,0.9626827223252501,1.0,0.8,0.9748902636118191,1.0,0.85
4,2025-03-22,5,Saturday,learned_ranker,Overnight,Weekend,0.9233535074112581,1.0,0.8,0.8889227772613503,1.0,0.6,0.9180834831868885,1.0,0.7
4,2025-03-22,6,Saturday,learned_ranker,Morning,Weekend,0.9512961872171999,1.0,0.4,0.9477635697966799,1.0,0.7,0.9607749233009226,1.0,0.85
4,2025-03-22,7,Saturday,learned_ranker,Morning,Weekend,0.9864416430368906,1.0,0.8,0.9676032889795151,1.0,0.7,0.977564891966831,1.0,0.85
4,2025-03-22,8,Saturday,learned_ranker,Morning,Weekend,0.9026946306860635,1.0,0.6,0.9065363202329982,1.0,0.7,0.930901359598361,1.0,0.85
4,2025-03-22,9,Saturday,learned_ranker,Morning,Weekend,0.9483616732655357,1.0,0.6,0.9814307367365217,1.0,0.9,0.9834413364214718,1.0,0.95
4,2025-03-22,10,Saturday,learned_ranker,Midday,Weekend,0.9566730584115092,1.0,0.6,0.9823396768741808,1.0,0.8,0.9865143103275302,1.0,0.9
4,2025-03-22,11,Saturday,learned_ranker,Midday,Weekend,0.9807335451942949,1.0,0.8,0.9891949920506313,1.0,0.9,0.9890111239995885,1.0,0.9
4,2025-03-22,12,Saturday,learned_ranker,Midday,Weekend,0.9660173105609153,1.0,0.6,0.9829639257179068,1.0,0.8,0.9840706003202919,1.0,0.85
4,2025-03-22,13,Saturday,learned_ranker,Midday,Weekend,0.9965912158565172,1.0,1.0,0.9960860146087901,1.0,1.0,0.9905761283130147,1.0,0.9
4,2025-03-22,14,Saturday,learned_ranker,Midday,Weekend,0.990478801919462,1.0,0.8,0.9915661427534409,1.0,0.8,0.9970117841405519,1.0,1.0
4,2025-03-22,15,Saturday,learned_ranker,Midday,Weekend,0.9983887446282432,1.0,1.0,0.9815643988923013,1.0,0.7,0.9906138950557268,1.0,0.9
4,2025-03-22,16,Saturday,learned_ranker,Evening,Weekend,0.9743889498164393,1.0,0.8,0.99196844886673,1.0,0.9,0.9914805112302244,1.0,0.9
4,2025-03-22,17,Saturday,learned_ranker,Evening,Weekend,0.9598038450611975,1.0,0.8,0.98334959883339,1.0,0.9,0.9862971438107379,1.0,0.9
4,2025-03-22,18,Saturday,learned_ranker,Evening,Weekend,0.9614748175350614,1.0,0.6,0.9794628671385269,1.0,0.8,0.9841871512186383,1.0,0.9
4,2025-03-22,19,Saturday,learned_ranker,Evening,Weekend,0.9901951817908854,1.0,0.6,0.9932841633311092,1.0,0.9,0.994446118760361,1.0,0.9
4,2025-03-22,20,Saturday,learned_ranker,Evening,Weekend,0.9975372123369648,1.0,1.0,0.9940132435476272,1.0,0.8,0.9930510766709478,1.0,0.85
4,2025-03-22,21,Saturday,learned_ranker,Late evening,Weekend,0.9460125207820834,1.0,0.6,0.985035172545925,1.0,0.9,0.9841639876322684,1.0,0.8
4,2025-03-22,22,Saturday,learned_ranker,Late evening,Weekend,0.9960622565792873,1.0,1.0,0.9950555818571626,1.0,1.0,0.9929480698253267,1.0,0.9
4,2025-03-22,23,Saturday,learned_ranker,Late evening,Weekend,0.9749779896073238,1.0,0.8,0.9964716589156435,1.0,1.0,0.9951589158922326,1.0,0.9
4,2025-03-23,0,Sunday,learned_ranker,Overnight,Weekend,0.9893653716280172,1.0,1.0,0.9768962675539461,1.0,0.8,0.9877006092283585,1.0,0.95
4,2025-03-23,1,Sunday,learned_ranker,Overnight,Weekend,0.9801421715002718,1.0,0.8,0.9872263946493542,1.0,0.9,0.9924439989983633,1.0,0.95
4,2025-03-23,2,Sunday,learned_ranker,Overnight,Weekend,1.0,1.0,1.0,0.9890498184006087,1.0,0.8,0.9863674267138165,1.0,0.85
4,2025-03-23,3,Sunday,learned_ranker,Overnight,Weekend,1.0,1.0,1.0,0.9866171647687432,1.0,0.9,0.976040426533951,1.0,0.85
4,2025-03-23,4,Sunday,learned_ranker,Overnight,Weekend,0.9523645119746726,1.0,0.8,0.9705939847091393,1.0,0.9,0.9615552879669164,1.0,0.75
4,2025-03-23,5,Sunday,learned_ranker,Overnight,Weekend,0.9561917878710056,1.0,0.6,0.9080706216260427,1.0,0.6,0.9031559999080995,1.0,0.65
4,2025-03-23,6,Sunday,learned_ranker,Morning,Weekend,0.9845570893643316,1.0,0.8,0.9615315014849751,1.0,0.6,0.9664705317019056,1.0,0.75
4,2025-03-23,7,Sunday,learned_ranker,Morning,Weekend,0.9829153439593735,1.0,0.8,0.9678639409137523,1.0,0.7,0.9830092405964035,1.0,0.85
4,2025-03-23,8,Sunday,learned_ranker,Morning,Weekend,0.9496348274956335,1.0,0.6,0.963309515244632,1.0,0.7,0.9705063550107722,1.0,0.9
4,2025-03-23,9,Sunday,learned_ranker,Morning,Weekend,0.9800494593188988,1.0,0.8,0.984503169694896,1.0,0.9,0.9762970410938054,1.0,0.8
4,2025-03-23,10,Sunday,learned_ranker,Midday,Weekend,0.944098024177496,1.0,0.8,0.9444565560048095,1.0,0.8,0.9631221431766458,1.0,0.85
4,2025-03-23,11,Sunday,learned_ranker,Midday,Weekend,0.987868984213173,1.0,1.0,0.9856805602021854,1.0,0.9,0.9874042952495723,1.0,0.9
4,2025-03-23,12,Sunday,learned_ranker,Midday,Weekend,0.9848067592834279,1.0,0.6,0.9877091883805625,1.0,0.9,0.9910869822116567,1.0,0.9
4,2025-03-23,13,Sunday,learned_ranker,Midday,Weekend,0.9948162630889985,1.0,0.8,0.998024990663821,1.0,1.0,0.9894280396319299,1.0,0.9
4,2025-03-23,14,Sunday,learned_ranker,Midday,Weekend,0.980984031665132,1.0,0.8,0.9901423980154547,1.0,0.8,0.9936364705154854,1.0,1.0
4,2025-03-23,15,Sunday,learned_ranker,Midday,Weekend,0.9936346484408681,1.0,0.8,0.9907559526331045,1.0,0.9,0.9928954711042222,1.0,0.85
4,2025-03-23,16,Sunday,learned_ranker,Evening,Weekend,0.9998100788910388,1.0,1.0,0.9919515937904313,1.0,0.9,0.9966220699460623,1.0,0.95
4,2025-03-23,17,Sunday,learned_ranker,Evening,Weekend,0.9962076184758473,1.0,0.8,0.9875888366456917,1.0,0.9,0.9925180939203041,1.0,0.85
4,2025-03-23,18,Sunday,learned_ranker,Evening,Weekend,1.0,1.0,1.0,0.9982259238899983,1.0,0.9,0.9977272951569969,1.0,0.95
4,2025-03-23,19,Sunday,learned_ranker,Evening,Weekend,0.9922439583149867,1.0,0.6,0.994355830518397,1.0,0.8,0.9978707212231359,1.0,1.0
4,2025-03-23,20,Sunday,learned_ranker,Evening,Weekend,0.9938772656542614,1.0,0.8,0.999130003294168,1.0,1.0,0.9938262919282215,1.0,0.85
4,2025-03-23,21,Sunday,learned_ranker,Late evening,Weekend,0.9953001363247991,1.0,0.8,0.9968187864496035,1.0,0.9,0.996754427073126,1.0,0.95
4,2025-03-23,22,Sunday,learned_ranker,Late evening,Weekend,0.9890862312084953,1.0,0.8,0.991979213339884,1.0,0.9,0.991797106783448,1.0,0.85
4,2025-03-23,23,Sunday,learned_ranker,Late evening,Weekend,0.9978912516474441,1.0,0.8,0.9890244912327671,1.0,0.7,0.9912333830952897,1.0,0.8
