PULocationID,pickup_zone,pickup_borough,trips,avg_trip_distance_miles,avg_trip_duration_min,avg_gross_spend_per_trip,gross_passenger_spend,gross_spend_per_mile
161,Midtown Center,Manhattan,484645,2.26,14.07,24.52,11882173.44,10.84
237,Upper East Side South,Manhattan,470547,1.75,11.24,20.35,9574104.65,11.61
236,Upper East Side North,Manhattan,434348,1.92,11.6,20.72,8998964.92,10.77
132,JFK Airport,Queens,393826,15.81,40.43,81.69,32170796.77,5.17
230,Times Sq/Theatre District,Manhattan,351724,2.88,15.16,27.3,9601457.96,9.48
186,Penn Station/Madison Sq West,Manhattan,347776,2.23,14.8,24.32,8459580.86,10.93
162,Midtown East,Manhattan,342255,2.24,13.5,24.03,8224126.9,10.74
142,Lincoln Square East,Manhattan,314763,2.14,12.15,21.95,6909376.62,10.27
234,Union Sq,Manhattan,292613,2.03,12.63,22.29,6523225.57,11.0
170,Murray Hill,Manhattan,282407,2.2,13.11,23.31,6582782.67,10.59
163,Midtown North,Manhattan,281286,2.35,13.92,24.62,6924206.9,10.48
239,Upper West Side South,Manhattan,276662,2.15,11.9,21.58,5971052.78,10.02
68,East Chelsea,Manhattan,274702,2.44,14.7,24.82,6816841.31,10.17
138,LaGuardia Airport,Queens,271478,9.64,27.65,67.47,18315868.99,7.0
79,East Village,Manhattan,266385,2.33,12.56,22.63,6029458.68,9.7
48,Clinton East,Manhattan,252928,2.42,12.65,23.39,5916542.49,9.68
249,West Village,Manhattan,245947,2.17,12.81,22.52,5538361.76,10.36
141,Lenox Hill West,Manhattan,234559,1.92,11.26,20.4,4785209.94,10.6
164,Midtown South,Manhattan,226631,2.32,13.27,23.91,5419641.3,10.3
140,Lenox Hill East,Manhattan,208767,2.36,13.37,22.8,4759123.68,9.67
107,Gramercy,Manhattan,207421,2.13,12.25,22.13,4589648.75,10.39
238,Upper West Side North,Manhattan,195837,2.23,11.96,21.31,4173949.38,9.57
263,Yorkville West,Manhattan,193945,2.18,11.17,20.83,4040435.45,9.54
246,West Chelsea/Hudson Yards,Manhattan,188420,2.35,13.92,24.04,4530351.82,10.22
229,Sutton Place/Turtle Bay North,Manhattan,169396,2.05,12.54,22.21,3762245.02,10.85
114,Greenwich Village South,Manhattan,166111,2.24,12.92,22.77,3782845.25,10.18
90,Flatiron,Manhattan,164828,2.08,12.31,22.13,3647264.82,10.62
113,Greenwich Village North,Manhattan,152361,2.05,12.68,22.2,3382450.78,10.83
100,Garment District,Manhattan,149384,2.34,13.88,24.15,3607198.79,10.34
231,TriBeCa/Civic Center,Manhattan,140472,3.01,15.19,26.3,3694920.83,8.73
262,Yorkville East,Manhattan,139911,2.38,11.93,21.89,3062755.25,9.19
43,Central Park,Manhattan,137311,2.15,13.42,22.78,3128332.55,10.6
148,Lower East Side,Manhattan,122716,2.84,14.12,25.05,3073693.47,8.81
144,Little Italy/NoLiTa,Manhattan,115942,2.44,14.14,23.82,2761590.62,9.77
137,Kips Bay,Manhattan,114738,2.33,12.8,22.28,2556858.98,9.57
143,Lincoln Square West,Manhattan,114455,2.18,12.03,21.36,2444962.69,9.79
233,UN/Turtle Bay South,Manhattan,112184,2.56,13.46,24.53,2752055.2,9.6
158,Meatpacking/West Village West,Manhattan,103820,2.53,14.14,24.32,2525229.36,9.6
211,SoHo,Manhattan,89450,2.37,14.19,23.83,2131410.73,10.07
151,Manhattan Valley,Manhattan,80658,2.4,12.54,21.05,1698149.62,8.78
75,East Harlem South,Manhattan,69039,2.7,14.05,21.49,1483545.88,7.97
13,Battery Park City,Manhattan,61306,4.29,16.88,31.63,1938990.22,7.37
50,Clinton West,Manhattan,59035,2.47,12.76,22.78,1344861.5,9.22
87,Financial District North,Manhattan,57313,4.13,17.2,30.22,1732180.87,7.32
166,Morningside Heights,Manhattan,54486,2.93,14.79,23.26,1267198.39,7.94
125,Hudson Sq,Manhattan,53205,2.51,13.86,24.29,1292536.18,9.67
261,World Trade Center,Manhattan,47800,4.04,18.24,31.11,1486899.07,7.7
41,Central Harlem,Manhattan,36180,2.93,14.92,21.36,772675.8,7.28
74,East Harlem North,Manhattan,31029,3.24,15.44,22.17,687831.76,6.85
88,Financial District South,Manhattan,29496,4.63,18.54,32.11,947104.27,6.93
70,East Elmhurst,Queens,28760,9.45,27.06,64.52,1855487.55,6.83
4,Alphabet City,Manhattan,26975,2.79,14.21,23.67,638414.51,8.49
24,Bloomingdale,Manhattan,26598,2.66,13.61,22.25,591678.86,8.37
264,Unknown,Unknown,21505,3.49,15.35,28.67,616640.45,8.22
42,Central Harlem North,Manhattan,21499,3.91,18.61,23.52,505657.58,6.01
232,Two Bridges/Seward Park,Manhattan,19972,3.53,16.7,26.51,529431.21,7.51
209,Seaport,Manhattan,18990,3.93,16.86,28.9,548739.74,7.35
45,Chinatown,Manhattan,18815,3.44,17.28,27.46,516691.85,7.97
224,Stuy Town/Peter Cooper Village,Manhattan,18595,2.5,13.3,22.5,418387.7,8.98
226,Sunnyside,Queens,13862,5.19,20.65,34.76,481777.29,6.7
116,Hamilton Heights,Manhattan,13411,4.02,17.19,24.61,330038.21,6.12
7,Astoria,Queens,13221,4.73,18.98,27.24,360078.83,5.76
244,Washington Heights South,Manhattan,12971,4.95,19.24,27.67,358857.79,5.59
61,Crown Heights North,Brooklyn,12744,4.78,26.67,28.21,359518.18,5.9
255,Williamsburg (North Side),Brooklyn,12704,4.51,19.62,28.94,367654.78,6.42
145,Long Island City/Hunters Point,Queens,11909,5.37,20.64,35.68,424916.86,6.64
76,East New York,Brooklyn,10610,5.92,28.88,29.42,312189.21,4.97
152,Manhattanville,Manhattan,9865,3.59,15.83,23.37,230526.04,6.51
256,Williamsburg (South Side),Brooklyn,9855,4.57,19.97,29.06,286416.39,6.37
97,Fort Greene,Brooklyn,9490,4.79,22.89,29.32,278205.02,6.12
65,Downtown Brooklyn/MetroTech,Brooklyn,9171,5.08,22.35,31.05,284726.41,6.11
130,Jamaica,Queens,9002,6.51,22.09,31.72,285503.01,4.87
33,Brooklyn Heights,Brooklyn,8681,5.15,22.83,31.51,273504.28,6.12
25,Boerum Hill,Brooklyn,8515,5.01,23.61,29.9,254624.9,5.96
181,Park Slope,Brooklyn,8374,4.92,24.27,30.16,252533.95,6.13
129,Jackson Heights,Queens,8051,5.14,19.58,30.4,244740.33,5.91
37,Bushwick South,Brooklyn,8004,4.93,24.27,29.46,235785.57,5.97
188,Prospect-Lefferts Gardens,Brooklyn,7910,4.79,27.53,28.23,223326.26,5.9
112,Greenpoint,Brooklyn,7850,4.42,19.52,28.37,222698.49,6.43
80,East Williamsburg,Brooklyn,7714,5.11,20.7,30.61,236146.34,5.99
66,DUMBO/Vinegar Hill,Brooklyn,7292,5.02,20.71,30.87,225102.81,6.15
89,Flatbush/Ditmas Park,Brooklyn,7265,5.31,28.3,29.47,214073.67,5.55
39,Canarsie,Brooklyn,6807,5.76,29.13,29.41,200194.62,5.1
216,South Ozone Park,Queens,6781,5.96,21.22,37.1,251575.54,6.22
146,Long Island City/Queens Plaza,Queens,6743,4.19,18.13,27.84,187750.55,6.64
197,Richmond Hill,Queens,6626,5.94,23.83,31.05,205746.17,5.23
17,Bedford,Brooklyn,6578,4.54,24.62,27.99,184140.35,6.17
225,Stuyvesant Heights,Brooklyn,6553,4.91,28.21,29.57,193744.21,6.02
82,Elmhurst,Queens,6265,5.18,20.55,29.56,185222.72,5.7
35,Brownsville,Brooklyn,5991,5.32,28.14,28.14,168611.22,5.29
168,Mott Haven/Port Morris,Bronx,5949,5.51,21.34,28.38,168857.07,5.15
72,East Flatbush/Remsen Village,Brooklyn,5545,4.74,27.08,26.72,148139.47,5.63
260,Woodside,Queens,5524,4.78,18.5,29.99,165643.05,6.27
49,Clinton Hill,Brooklyn,5480,4.79,25.58,29.15,159728.02,6.09
36,Bushwick North,Brooklyn,5469,5.01,22.18,29.12,159280.63,5.81
95,Forest Hills,Queens,5359,5.86,22.67,29.8,159700.65,5.08
179,Old Astoria,Queens,5122,5.0,21.27,28.74,147224.16,5.75
243,Washington Heights North,Manhattan,4959,5.6,20.31,28.94,143523.2,5.17
177,Ocean Hill,Brooklyn,4751,5.27,26.96,28.93,137440.73,5.49
91,Flatlands,Brooklyn,4601,5.34,29.59,28.09,129254.92,5.26
71,East Flatbush/Farragut,Brooklyn,4348,4.84,27.99,27.54,119741.07,5.69
223,Steinway,Queens,4223,5.66,19.39,36.65,154792.45,6.47
10,Baisley Park,Queens,4109,9.76,31.53,56.34,231511.22,5.78
157,Maspeth,Queens,3863,5.7,19.62,36.96,142767.09,6.48
62,Crown Heights South,Brooklyn,3793,4.76,27.41,28.22,107038.18,5.93
215,South Jamaica,Queens,3708,7.71,28.13,40.8,151280.17,5.29
247,West Concourse,Bronx,3596,5.55,22.26,28.49,102447.58,5.13
198,Ridgewood,Queens,3580,4.89,22.43,28.12,100657.91,5.75
228,Sunset Park West,Brooklyn,3374,6.42,26.45,33.31,112404.33,5.19
69,East Concourse/Concourse Village,Bronx,3254,5.83,27.98,29.61,96339.78,5.08
14,Bay Ridge,Brooklyn,3158,7.1,28.74,32.68,103190.81,4.6
189,Prospect Heights,Brooklyn,3122,4.71,24.58,30.01,93704.42,6.37
85,Erasmus,Brooklyn,3063,5.02,27.37,28.31,86713.82,5.64
193,Queensbridge/Ravenswood,Queens,2909,4.67,21.13,27.83,80958.05,5.96
159,Melrose South,Bronx,2851,5.26,25.16,27.75,79107.38,5.28
258,Woodhaven,Queens,2828,6.01,24.22,29.58,83661.14,4.92
52,Cobble Hill,Brooklyn,2811,4.75,21.49,30.31,85215.1,6.39
63,Cypress Hills,Brooklyn,2750,5.78,25.86,29.18,80232.64,5.04
12,Battery Park,Manhattan,2741,4.41,19.45,32.65,89491.91,7.4
77,East New York/Pennsylvania Avenue,Brooklyn,2733,5.8,28.78,28.86,78872.52,4.98
195,Red Hook,Brooklyn,2731,8.49,28.55,47.46,129612.09,5.59
205,Saint Albans,Queens,2692,7.62,32.02,33.36,89806.52,4.38
213,Soundview/Castle Hill,Bronx,2656,7.09,28.16,32.19,85499.65,4.54
40,Carroll Gardens,Brooklyn,2614,5.05,21.44,31.46,82242.04,6.23
28,Briarwood/Jamaica Hills,Queens,2557,7.23,23.52,37.41,95655.4,5.18
26,Borough Park,Brooklyn,2506,4.38,26.29,25.28,63345.59,5.77
92,Flushing,Queens,2370,6.77,23.37,30.85,73108.62,4.56
254,Williamsbridge/Olinville,Bronx,2334,8.11,32.14,34.59,80739.84,4.27
196,Rego Park,Queens,2289,5.89,23.02,33.43,76512.62,5.67
56,Corona,Queens,2287,6.66,25.33,35.28,80680.38,5.3
219,Springfield Gardens South,Queens,2262,11.16,32.73,56.73,128332.95,5.08
55,Coney Island,Brooklyn,2243,9.45,42.32,39.02,87514.07,4.13
134,Kew Gardens,Queens,2233,6.13,21.35,39.44,88076.75,6.43
167,Morrisania/Melrose,Bronx,2205,5.63,27.36,29.05,64058.18,5.16
182,Parkchester,Bronx,2196,7.56,31.66,34.81,76441.01,4.6
83,Elmhurst/Maspeth,Queens,2189,5.26,19.55,31.69,69368.58,6.02
155,Marine Park/Mill Basin,Brooklyn,2167,6.03,29.96,30.65,66409.48,5.08
169,Mount Hope,Bronx,2155,5.93,25.97,28.83,62131.33,4.86
51,Co-Op City,Bronx,2115,9.74,39.22,39.2,82916.48,4.02
235,University Heights/Morris Heights,Bronx,2105,6.32,27.13,29.74,62594.63,4.71
127,Inwood,Manhattan,2081,6.26,23.07,29.51,61408.61,4.71
106,Gowanus,Brooklyn,1962,5.25,23.18,30.41,59663.71,5.79
218,Springfield Gardens North,Queens,1951,8.13,34.06,35.13,68545.13,4.32
165,Midwood,Brooklyn,1907,4.97,30.04,27.31,52083.26,5.49
191,Queens Village,Queens,1891,8.36,28.62,33.44,63227.79,4.0
222,Starrett City,Brooklyn,1871,6.91,36.15,32.63,61051.21,4.72
133,Kensington,Brooklyn,1766,5.39,26.54,29.82,52665.83,5.53
119,Highbridge,Bronx,1754,6.56,26.79,31.76,55707.23,4.84
212,Soundview/Bruckner,Bronx,1732,6.78,25.0,31.55,54647.45,4.66
210,Sheepshead Bay,Brooklyn,1698,6.8,33.6,32.49,55175.39,4.78
78,East Tremont,Bronx,1675,6.65,29.02,31.06,52026.94,4.67
18,Bedford Park,Bronx,1637,6.83,27.77,31.43,51444.45,4.6
160,Middle Village,Queens,1596,5.34,21.42,30.75,49074.73,5.76
126,Hunts Point,Bronx,1552,5.81,23.86,29.2,45325.07,5.03
86,Far Rockaway,Queens,1545,12.05,50.21,47.43,73280.46,3.94
47,Claremont/Bathgate,Bronx,1526,6.33,29.48,30.04,45834.44,4.75
173,North Corona,Queens,1518,5.53,21.01,27.6,41896.57,4.99
250,Westchester Village/Unionport,Bronx,1515,6.83,26.26,32.12,48667.77,4.7
22,Bensonhurst West,Brooklyn,1487,5.48,27.36,27.78,41302.26,5.07
242,Van Nest/Morris Park,Bronx,1482,6.72,29.77,31.54,46735.93,4.69
248,West Farms/Bronx River,Bronx,1464,7.04,27.46,32.14,47050.3,4.56
123,Homecrest,Brooklyn,1460,5.1,28.55,26.57,38789.78,5.21
217,South Williamsburg,Brooklyn,1435,4.71,23.31,28.83,41374.71,6.12
241,Van Cortlandt Village,Bronx,1406,7.32,32.03,33.1,46535.52,4.52
131,Jamaica Estates,Queens,1379,7.8,27.75,32.93,45405.33,4.22
259,Woodlawn/Wakefield,Bronx,1372,8.46,30.5,35.59,48830.98,4.21
121,Hillcrest/Pomonok,Queens,1368,6.88,26.77,31.18,42656.14,4.53
117,Hammels/Arverne,Queens,1359,12.03,49.91,48.83,66362.55,4.06
180,Ozone Park,Queens,1343,5.63,22.18,28.35,38077.2,5.03
102,Glendale,Queens,1329,5.23,21.83,27.48,36520.88,5.26
93,Flushing Meadows-Corona Park,Queens,1314,8.9,21.36,77.63,102005.1,8.72
174,Norwood,Bronx,1302,7.77,31.84,34.34,44715.94,4.42
227,Sunset Park East,Brooklyn,1278,5.5,27.76,29.2,37317.37,5.31
135,Kew Gardens Hills,Queens,1270,7.12,26.86,32.81,41671.19,4.61
60,Crotona Park East,Bronx,1242,6.37,26.87,30.76,38205.2,4.83
220,Spuyten Duyvil/Kingsbridge,Bronx,1189,7.52,27.83,34.05,40491.24,4.53
34,Brooklyn Navy Yard,Brooklyn,1184,5.2,20.28,32.69,38700.5,6.28
124,Howard Beach,Queens,1183,6.82,24.4,34.15,40399.3,5.01
81,Eastchester,Bronx,1140,8.69,33.4,36.31,41388.75,4.18
147,Longwood,Bronx,1133,5.63,26.01,28.77,32598.93,5.11
136,Kingsbridge Heights,Bronx,1115,7.12,31.65,32.05,35738.59,4.5
208,Schuylerville/Edgewater Park,Bronx,1103,7.52,25.66,33.27,36693.24,4.42
265,Outside NYC,Unknown,1096,10.91,21.52,84.17,92248.87,7.71
21,Bensonhurst East,Brooklyn,1053,5.68,29.11,28.59,30101.82,5.03
149,Madison,Brooklyn,1034,5.81,31.03,29.12,30111.88,5.01
139,Laurelton,Queens,1012,9.01,34.44,37.01,37453.76,4.11
203,Rosedale,Queens,980,9.77,34.45,39.87,39073.34,4.08
29,Brighton Beach,Brooklyn,945,7.7,35.46,34.26,32372.78,4.45
20,Belmont,Bronx,941,6.73,30.52,31.31,29467.29,4.65
32,Bronxdale,Bronx,933,7.89,32.51,34.88,32543.28,4.42
257,Windsor Terrace,Brooklyn,927,6.22,25.98,33.73,31265.42,5.42
108,Gravesend,Brooklyn,904,7.41,35.72,33.36,30154.15,4.5
185,Pelham Parkway,Bronx,849,6.81,28.65,31.82,27016.35,4.67
94,Fordham South,Bronx,842,6.27,28.73,29.99,25253.43,4.79
122,Hollis,Queens,819,7.39,27.73,31.88,26108.16,4.31
67,Dyker Heights,Brooklyn,806,5.98,26.64,30.06,24226.54,5.03
38,Cambria Heights,Queens,767,10.61,39.84,43.88,33657.99,4.13
53,College Point,Queens,736,7.28,24.57,34.03,25048.15,4.68
19,Bellerose,Queens,734,8.81,25.74,34.29,25171.78,3.89
3,Allerton/Pelham Gardens,Bronx,717,8.05,32.98,35.09,25161.04,4.36
54,Columbia Street,Brooklyn,680,6.01,22.86,34.17,23236.66,5.69
171,Murray Hill-Queens,Queens,653,6.65,25.46,30.01,19593.47,4.51
202,Roosevelt Island,Manhattan,646,6.01,28.41,35.08,22660.29,5.84
200,Riverdale/North Riverdale/Fieldston,Bronx,618,9.25,32.63,39.31,24290.54,4.25
252,Whitestone,Queens,603,7.22,21.94,31.89,19231.72,4.42
11,Bath Beach,Brooklyn,575,7.03,28.3,31.3,17995.61,4.45
150,Manhattan Beach,Brooklyn,552,7.29,29.02,32.95,18187.73,4.52
178,Ocean Parkway South,Brooklyn,546,4.66,26.23,26.54,14492.67,5.69
16,Bayside,Queens,532,7.84,25.16,32.25,17154.35,4.11
101,Glen Oaks,Queens,530,9.68,26.09,36.75,19478.2,3.8
192,Queensboro Hill,Queens,517,6.73,23.23,30.21,15620.25,4.49
98,Fresh Meadows,Queens,514,7.34,26.52,30.28,15564.41,4.13
190,Prospect Park,Brooklyn,508,4.6,23.67,28.88,14670.03,6.27
201,Rockaway Park,Queens,449,10.55,39.18,46.34,20806.77,4.39
194,Randalls Island,Manhattan,446,7.38,21.56,55.09,24568.38,7.47
183,Pelham Bay,Bronx,420,9.05,34.36,36.81,15458.25,4.07
175,Oakland Gardens,Queens,400,8.94,28.35,36.31,14522.47,4.06
153,Marble Hill,Manhattan,339,6.61,23.78,29.5,10001.13,4.46
9,Auburndale,Queens,301,6.45,22.99,28.93,8707.82,4.48
15,Bay Terrace/Fort Totten,Queens,287,8.6,25.07,36.14,10373.05,4.2
64,Douglaston,Queens,283,9.77,25.96,38.0,10755.11,3.89
73,East Flushing,Queens,275,5.68,24.66,26.82,7376.76,4.72
6,Arrochar/Fort Wadsworth,Staten Island,239,7.07,16.7,28.55,6823.48,4.04
207,Saint Michaels Cemetery/Woodside,Queens,211,6.51,22.05,58.76,12399.03,9.03
240,Van Cortlandt Park,Bronx,189,7.87,28.19,34.97,6609.38,4.44
57,Corona,Queens,152,6.43,19.7,30.25,4598.67,4.7
31,Bronx Park,Bronx,149,7.27,23.56,35.68,5316.76,4.91
154,Marine Park/Floyd Bennett Field,Brooklyn,141,7.2,20.02,43.3,6104.9,6.01
96,Forest Park/Highland Park,Queens,130,6.22,20.17,33.88,4404.92,5.45
128,Inwood Hill Park,Manhattan,128,6.97,22.51,33.94,4344.61,4.87
221,Stapleton,Staten Island,112,9.04,28.53,47.1,5274.77,5.21
120,Highbridge Park,Manhattan,109,5.81,19.31,36.78,4009.02,6.33
46,City Island,Bronx,105,10.46,34.78,43.61,4579.35,4.17
58,Country Club,Bronx,92,10.11,28.44,42.65,3924.19,4.22
214,South Beach/Dongan Hills,Staten Island,81,8.33,21.76,38.48,3117.0,4.62
1,Newark Airport,EWR,71,11.83,26.76,101.97,7239.54,8.62
8,Astoria Park,Queens,60,5.18,18.2,55.48,3328.58,10.71
115,Grymes Hill/Clifton,Staten Island,59,8.03,24.97,45.99,2713.59,5.72
253,Willets Point,Queens,54,8.5,22.49,38.85,2097.75,4.57
184,Pelham Bay Park,Bronx,53,8.38,24.33,40.55,2149.28,4.84
23,Bloomfield/Emerson Hill,Staten Island,52,11.49,26.3,51.94,2700.84,4.52
172,New Dorp/Midland Beach,Staten Island,48,10.06,25.83,46.33,2223.71,4.6
59,Crotona Park,Bronx,44,5.89,21.61,29.07,1278.87,4.93
30,Broad Channel,Queens,44,8.93,28.15,43.35,1907.59,4.86
118,Heartland Village/Todt Hill,Staten Island,42,11.29,30.02,53.56,2249.52,4.74
206,Saint George/New Brighton,Staten Island,31,13.03,35.22,59.64,1848.92,4.58
251,Westerleigh,Staten Island,27,12.09,31.47,58.33,1574.87,4.82
27,Breezy Point/Fort Tilden/Riis Beach,Queens,26,11.39,31.54,50.75,1319.45,4.46
156,Mariners Harbor,Staten Island,21,13.05,35.25,46.88,984.51,3.59
111,Green-Wood Cemetery,Brooklyn,18,4.36,24.11,28.89,520.08,6.63
245,West Brighton,Staten Island,17,11.64,37.24,54.08,919.44,4.64
176,Oakwood,Staten Island,12,10.74,33.52,54.31,651.69,5.06
2,Jamaica Bay,Queens,11,12.87,27.87,59.8,657.81,4.65
109,Great Kills,Staten Island,9,15.06,47.13,64.61,581.53,4.29
187,Port Richmond,Staten Island,8,11.41,32.67,63.49,507.89,5.56
199,Rikers Island,Bronx,5,9.87,22.08,59.24,296.22,6.0
84,Eltingville/Annadale/Prince's Bay,Staten Island,4,11.86,44.35,74.44,297.76,6.28
5,Arden Heights,Staten Island,3,18.58,35.72,80.13,240.38,4.31
204,Rossville/Woodrow,Staten Island,3,19.55,32.02,81.89,245.66,4.19
99,Freshkills Park,Staten Island,1,2.8,8.18,15.3,15.3,5.46
44,Charleston/Tottenville,Staten Island,1,26.65,59.47,0.0,0.0,0.0
